,Parent Name,Area Name,Area Type,Sex,Category,Time period,Value,Count,Compared to England value or percentiles,Compared to Region value or percentiles
0,,England,England,Male,,2019 - 21,15.8950117330154,11551.0,Not compared,Not compared
1,,England,England,Male,Most deprived decile (IMD2019),2019 - 21,17.0294862545843,1137.0,Worse,Not compared
2,,England,England,Male,Second most deprived decile (IMD2019),2019 - 21,16.9427265949061,761.0,Similar,Not compared
3,,England,England,Male,Third more deprived decile (IMD2019),2019 - 21,15.6744079671058,997.0,Similar,Not compared
4,,England,England,Male,Fourth more deprived decile (IMD2019),2019 - 21,15.6374757697242,911.0,Similar,Not compared
5,,England,England,Male,Fifth more deprived decile (IMD2019),2019 - 21,16.0939486429196,1097.0,Similar,Not compared
6,,England,England,Male,Fifth less deprived decile (IMD2019),2019 - 21,16.3172972992797,1216.0,Similar,Not compared
7,,England,England,Male,Fourth less deprived decile (IMD2019),2019 - 21,18.0013440820889,1711.0,Worse,Not compared
8,,England,England,Male,Third less deprived decile (IMD2019),2019 - 21,15.3079120682714,1391.0,Similar,Not compared
9,,England,England,Male,Second least deprived decile (IMD2019),2019 - 21,14.2041600850647,1510.0,Better,Not compared
10,,England,England,Male,Least deprived decile (IMD2019),2019 - 21,14.417459936618,820.0,Better,Not compared
11,,England,England,Male,Most deprived decile (IMD2019),2019 - 21,16.3633424531282,1604.0,Similar,Not compared
12,,England,England,Male,Second most deprived decile (IMD2019),2019 - 21,17.5844547720991,1895.0,Worse,Not compared
13,,England,England,Male,Third more deprived decile (IMD2019),2019 - 21,15.0937576898282,1369.0,Similar,Not compared
14,,England,England,Male,Fourth more deprived decile (IMD2019),2019 - 21,17.7890580057821,1193.0,Worse,Not compared
15,,England,England,Male,Fifth more deprived decile (IMD2019),2019 - 21,16.6315646155968,1093.0,Similar,Not compared
16,,England,England,Male,Fifth less deprived decile (IMD2019),2019 - 21,16.228244260128,1190.0,Similar,Not compared
17,,England,England,Male,Fourth less deprived decile (IMD2019),2019 - 21,14.8118245884025,921.0,Better,Not compared
18,,England,England,Male,Third less deprived decile (IMD2019),2019 - 21,14.0000445925056,794.0,Better,Not compared
19,,England,England,Male,Second least deprived decile (IMD2019),2019 - 21,14.4422005004343,731.0,Better,Not compared
20,,England,England,Male,Least deprived decile (IMD2019),2019 - 21,14.3951882132798,761.0,Better,Not compared
21,,England,England,Female,,2019 - 21,5.18662793543829,3896.0,Not compared,Not compared
22,,England,England,Female,Most deprived decile (IMD2019),2019 - 21,5.08938609306194,351.0,Similar,Not compared
23,,England,England,Female,Second most deprived decile (IMD2019),2019 - 21,4.5320847235672,211.0,Better,Not compared
24,,England,England,Female,Third more deprived decile (IMD2019),2019 - 21,5.90192206064719,375.0,Worse,Not compared
25,,England,England,Female,Fourth more deprived decile (IMD2019),2019 - 21,4.89968432100461,297.0,Similar,Not compared
26,,England,England,Female,Fifth more deprived decile (IMD2019),2019 - 21,5.03542948169027,354.0,Similar,Not compared
27,,England,England,Female,Fifth less deprived decile (IMD2019),2019 - 21,5.71289314535799,437.0,Similar,Not compared
28,,England,England,Female,Fourth less deprived decile (IMD2019),2019 - 21,5.35588571078309,527.0,Similar,Not compared
29,,England,England,Female,Third less deprived decile (IMD2019),2019 - 21,5.19298697601004,494.0,Similar,Not compared
30,,England,England,Female,Second least deprived decile (IMD2019),2019 - 21,5.08715166255485,571.0,Similar,Not compared
31,,England,England,Female,Least deprived decile (IMD2019),2019 - 21,4.67483214024862,279.0,Similar,Not compared
32,,England,England,Female,Most deprived decile (IMD2019),2019 - 21,4.92053173152799,503.0,Similar,Not compared
33,,England,England,Female,Second most deprived decile (IMD2019),2019 - 21,5.99517766542178,650.0,Worse,Not compared
34,,England,England,Female,Third more deprived decile (IMD2019),2019 - 21,4.72832792451918,442.0,Better,Not compared
35,,England,England,Female,Fourth more deprived decile (IMD2019),2019 - 21,5.38722158691463,377.0,Similar,Not compared
36,,England,England,Female,Fifth more deprived decile (IMD2019),2019 - 21,5.51025828629379,368.0,Similar,Not compared
37,,England,England,Female,Fifth less deprived decile (IMD2019),2019 - 21,5.250072296891,401.0,Similar,Not compared
38,,England,England,Female,Fourth less deprived decile (IMD2019),2019 - 21,4.84091547645897,317.0,Similar,Not compared
39,,England,England,Female,Third less deprived decile (IMD2019),2019 - 21,4.90214372669528,297.0,Similar,Not compared
40,,England,England,Female,Second least deprived decile (IMD2019),2019 - 21,5.06057708294282,267.0,Similar,Not compared
41,,England,England,Female,Least deprived decile (IMD2019),2019 - 21,4.98341315656794,274.0,Similar,Not compared
42,,England,England,Persons,,2019 - 21,10.4348248336516,15447.0,Not compared,Not compared
43,,England,England,Persons,Most deprived decile (IMD2019),2019 - 21,10.9928560018267,1488.0,Similar,Not compared
44,,England,England,Persons,Second most deprived decile (IMD2019),2019 - 21,10.6326463407182,972.0,Similar,Not compared
45,,England,England,Persons,Third more deprived decile (IMD2019),2019 - 21,10.7406477942514,1372.0,Similar,Not compared
46,,England,England,Persons,Fourth more deprived decile (IMD2019),2019 - 21,10.2234779514318,1208.0,Similar,Not compared
47,,England,England,Persons,Fifth more deprived decile (IMD2019),2019 - 21,10.4522824637679,1451.0,Similar,Not compared
48,,England,England,Persons,Fifth less deprived decile (IMD2019),2019 - 21,10.9054077500092,1653.0,Similar,Not compared
49,,England,England,Persons,Fourth less deprived decile (IMD2019),2019 - 21,11.5256556857924,2238.0,Worse,Not compared
50,,England,England,Persons,Third less deprived decile (IMD2019),2019 - 21,10.109969122051,1885.0,Similar,Not compared
51,,England,England,Persons,Second least deprived decile (IMD2019),2019 - 21,9.54975189340363,2081.0,Better,Not compared
52,,England,England,Persons,Least deprived decile (IMD2019),2019 - 21,9.42546014891881,1099.0,Better,Not compared
53,,England,England,Persons,Most deprived decile (IMD2019),2019 - 21,10.5571975160307,2107.0,Similar,Not compared
54,,England,England,Persons,Second most deprived decile (IMD2019),2019 - 21,11.726642370833,2545.0,Worse,Not compared
55,,England,England,Persons,Third more deprived decile (IMD2019),2019 - 21,9.82497128397619,1811.0,Better,Not compared
56,,England,England,Persons,Fourth more deprived decile (IMD2019),2019 - 21,11.4577364269076,1570.0,Worse,Not compared
57,,England,England,Persons,Fifth more deprived decile (IMD2019),2019 - 21,10.9579942836793,1461.0,Similar,Not compared
58,,England,England,Persons,Fifth less deprived decile (IMD2019),2019 - 21,10.5991004815012,1591.0,Similar,Not compared
59,,England,England,Persons,Fourth less deprived decile (IMD2019),2019 - 21,9.72961654796502,1238.0,Better,Not compared
60,,England,England,Persons,Third less deprived decile (IMD2019),2019 - 21,9.33268152477952,1091.0,Better,Not compared
61,,England,England,Persons,Second least deprived decile (IMD2019),2019 - 21,9.60351930147799,998.0,Better,Not compared
62,,England,England,Persons,Least deprived decile (IMD2019),2019 - 21,9.57967629888515,1035.0,Better,Not compared
63,England,North East region,Region,Male,,2019 - 21,20.7764608670109,709.0,Worse,Not compared
64,England,North West region,Region,Male,,2019 - 21,17.522836610656,1645.0,Worse,Not compared
65,England,Yorkshire and the Humber region,Region,Male,,2019 - 21,18.7875736516681,1323.0,Worse,Not compared
66,England,East Midlands region,Region,Male,,2019 - 21,16.327489390101,1016.0,Similar,Not compared
67,England,West Midlands region,Region,Male,,2019 - 21,16.4929983122233,1242.0,Similar,Not compared
68,England,East of England region,Region,Male,,2019 - 21,14.8247531802016,1181.0,Better,Not compared
69,England,London region,Region,Male,,2019 - 21,10.8153858273945,1231.0,Better,Not compared
70,England,South East region,Region,Male,,2019 - 21,15.94644469931,1876.0,Similar,Not compared
71,England,South West region,Region,Male,,2019 - 21,18.3015307730848,1328.0,Worse,Not compared
72,England,North East region,Region,Female,,2019 - 21,5.43234025106638,191.0,Similar,Not compared
73,England,North West region,Region,Female,,2019 - 21,5.47531166249297,532.0,Similar,Not compared
74,England,Yorkshire and the Humber region,Region,Female,,2019 - 21,6.52921210970143,476.0,Worse,Not compared
75,England,East Midlands region,Region,Female,,2019 - 21,4.65570202450914,301.0,Better,Not compared
76,England,West Midlands region,Region,Female,,2019 - 21,5.16259992974561,403.0,Similar,Not compared
77,England,East of England region,Region,Female,,2019 - 21,4.96019864978609,412.0,Similar,Not compared
78,England,London region,Region,Female,,2019 - 21,3.81049417426312,448.0,Better,Not compared
79,England,South East region,Region,Female,,2019 - 21,5.55249203610241,682.0,Similar,Not compared
80,England,South West region,Region,Female,,2019 - 21,5.90290669711394,451.0,Worse,Not compared
81,England,North East region,Region,Persons,,2019 - 21,12.9503472524811,900.0,Worse,Not compared
82,England,North West region,Region,Persons,,2019 - 21,11.3687471334997,2177.0,Worse,Not compared
83,England,Yorkshire and the Humber region,Region,Persons,,2019 - 21,12.5488173158219,1799.0,Worse,Not compared
84,England,East Midlands region,Region,Persons,,2019 - 21,10.34866228196,1317.0,Similar,Not compared
85,England,West Midlands region,Region,Persons,,2019 - 21,10.719293360221,1645.0,Similar,Not compared
86,England,East of England region,Region,Persons,,2019 - 21,9.76528584194412,1593.0,Better,Not compared
87,England,London region,Region,Persons,,2019 - 21,7.24920742257473,1679.0,Better,Not compared
88,England,South East region,Region,Persons,,2019 - 21,10.6232195866991,2558.0,Similar,Not compared
89,England,South West region,Region,Persons,,2019 - 21,11.9748619934796,1779.0,Worse,Not compared
90,North East region,Hartlepool,Counties & UAs (from Apr 2021),Male,,2019 - 21,25.843137455426,31.0,Worse,Similar
91,North East region,Middlesbrough,Counties & UAs (from Apr 2021),Male,,2019 - 21,23.2867098664301,42.0,Worse,Similar
92,North East region,Redcar and Cleveland,Counties & UAs (from Apr 2021),Male,,2019 - 21,32.3990009516344,55.0,Worse,Worse
93,North East region,Stockton-on-Tees,Counties & UAs (from Apr 2021),Male,,2019 - 21,15.8837990857572,40.0,Similar,Similar
94,North East region,Darlington,Counties & UAs (from Apr 2021),Male,,2019 - 21,22.4681313105435,31.0,Similar,Similar
95,North West region,Halton,Counties & UAs (from Apr 2021),Male,,2019 - 21,14.9930228145058,24.0,Similar,Similar
96,North West region,Warrington,Counties & UAs (from Apr 2021),Male,,2019 - 21,13.9257649839816,39.0,Similar,Similar
97,North West region,Blackburn with Darwen,Counties & UAs (from Apr 2021),Male,,2019 - 21,14.872984928386,29.0,Similar,Similar
98,North West region,Blackpool,Counties & UAs (from Apr 2021),Male,,2019 - 21,28.1651912308925,49.0,Worse,Worse
99,Yorkshire and the Humber region,Kingston upon Hull,Counties & UAs (from Apr 2021),Male,,2019 - 21,20.8879661378689,71.0,Worse,Similar
100,Yorkshire and the Humber region,East Riding of Yorkshire,Counties & UAs (from Apr 2021),Male,,2019 - 21,20.5673765417382,89.0,Worse,Similar
101,Yorkshire and the Humber region,North East Lincolnshire,Counties & UAs (from Apr 2021),Male,,2019 - 21,10.5191974552812,21.0,Similar,Better
102,Yorkshire and the Humber region,North Lincolnshire,Counties & UAs (from Apr 2021),Male,,2019 - 21,14.1880133439364,32.0,Similar,Similar
103,Yorkshire and the Humber region,York,Counties & UAs (from Apr 2021),Male,,2019 - 21,20.2098290846822,54.0,Similar,Similar
104,East Midlands region,Derby,Counties & UAs (from Apr 2021),Male,,2019 - 21,15.1927145916803,49.0,Similar,Similar
105,East Midlands region,Leicester,Counties & UAs (from Apr 2021),Male,,2019 - 21,17.4999534493067,72.0,Similar,Similar
106,East Midlands region,Rutland,Counties & UAs (from Apr 2021),Male,,2019 - 21,,2.0,Not compared,Not compared
107,East Midlands region,Nottingham,Counties & UAs (from Apr 2021),Male,,2019 - 21,17.1152075098336,72.0,Similar,Similar
108,West Midlands region,Herefordshire,Counties & UAs (from Apr 2021),Male,,2019 - 21,19.1106874350015,48.0,Similar,Similar
109,West Midlands region,Telford and Wrekin,Counties & UAs (from Apr 2021),Male,,2019 - 21,16.2387498200581,37.0,Similar,Similar
110,West Midlands region,Stoke-on-Trent,Counties & UAs (from Apr 2021),Male,,2019 - 21,26.0628536054215,85.0,Worse,Worse
111,South West region,Bath and North East Somerset,Counties & UAs (from Apr 2021),Male,,2019 - 21,15.0877116971522,37.0,Similar,Similar
112,South West region,Bristol,Counties & UAs (from Apr 2021),Male,,2019 - 21,17.4607287169681,104.0,Similar,Similar
113,South West region,North Somerset,Counties & UAs (from Apr 2021),Male,,2019 - 21,12.400509610543,35.0,Similar,Better
114,South West region,South Gloucestershire,Counties & UAs (from Apr 2021),Male,,2019 - 21,13.1720125037482,49.0,Similar,Better
115,South West region,Plymouth,Counties & UAs (from Apr 2021),Male,,2019 - 21,16.119457440532,55.0,Similar,Similar
116,South West region,Torbay,Counties & UAs (from Apr 2021),Male,,2019 - 21,25.5287786152691,42.0,Worse,Similar
117,South West region,Swindon,Counties & UAs (from Apr 2021),Male,,2019 - 21,17.4002785973457,49.0,Similar,Similar
118,East of England region,Peterborough,Counties & UAs (from Apr 2021),Male,,2019 - 21,15.4288792278605,41.0,Similar,Similar
119,East of England region,Luton,Counties & UAs (from Apr 2021),Male,,2019 - 21,13.6585261260165,37.0,Similar,Similar
120,East of England region,Southend-on-Sea,Counties & UAs (from Apr 2021),Male,,2019 - 21,18.5416366652064,43.0,Similar,Similar
121,East of England region,Thurrock,Counties & UAs (from Apr 2021),Male,,2019 - 21,6.62109510606799,16.0,Better,Better
122,South East region,Medway,Counties & UAs (from Apr 2021),Male,,2019 - 21,17.0296928775156,61.0,Similar,Similar
123,South East region,Bracknell Forest,Counties & UAs (from Apr 2021),Male,,2019 - 21,14.3456987601109,23.0,Similar,Similar
124,South East region,West Berkshire,Counties & UAs (from Apr 2021),Male,,2019 - 21,18.6341035508801,37.0,Similar,Similar
125,South East region,Reading,Counties & UAs (from Apr 2021),Male,,2019 - 21,17.2716063267097,35.0,Similar,Similar
126,South East region,Slough,Counties & UAs (from Apr 2021),Male,,2019 - 21,12.0008690301255,21.0,Similar,Similar
127,South East region,Windsor and Maidenhead,Counties & UAs (from Apr 2021),Male,,2019 - 21,12.6035022113842,24.0,Similar,Similar
128,South East region,Wokingham,Counties & UAs (from Apr 2021),Male,,2019 - 21,10.3644839706689,22.0,Better,Better
129,South East region,Milton Keynes,Counties & UAs (from Apr 2021),Male,,2019 - 21,20.3990824188288,73.0,Worse,Worse
130,South East region,Brighton and Hove,Counties & UAs (from Apr 2021),Male,,2019 - 21,18.7995629913642,74.0,Similar,Similar
131,South East region,Portsmouth,Counties & UAs (from Apr 2021),Male,,2019 - 21,14.2148341923699,39.0,Similar,Similar
132,South East region,Southampton,Counties & UAs (from Apr 2021),Male,,2019 - 21,13.6520477658739,44.0,Similar,Similar
133,South East region,Isle of Wight,Counties & UAs (from Apr 2021),Male,,2019 - 21,23.3271921769901,39.0,Worse,Worse
134,North East region,County Durham,Counties & UAs (from Apr 2021),Male,,2019 - 21,24.1815925635296,163.0,Worse,Similar
135,North West region,Cheshire East,Counties & UAs (from Apr 2021),Male,,2019 - 21,16.7099009848591,80.0,Similar,Similar
136,North West region,Cheshire West and Chester,Counties & UAs (from Apr 2021),Male,,2019 - 21,17.8773128737062,80.0,Similar,Similar
137,West Midlands region,Shropshire,Counties & UAs (from Apr 2021),Male,,2019 - 21,16.7181632330678,69.0,Similar,Similar
138,South West region,Cornwall,Counties & UAs (from Apr 2021),Male,,2019 - 21,21.5328390871002,156.0,Worse,Similar
139,South West region,Isles of Scilly,Counties & UAs (from Apr 2021),Male,,2019 - 21,,,Not compared,Not compared
140,South West region,Wiltshire,Counties & UAs (from Apr 2021),Male,,2019 - 21,18.3060765705086,117.0,Similar,Similar
141,East of England region,Bedford,Counties & UAs (from Apr 2021),Male,,2019 - 21,20.7658486681826,45.0,Similar,Worse
142,East of England region,Central Bedfordshire,Counties & UAs (from Apr 2021),Male,,2019 - 21,11.5617263319726,41.0,Better,Similar
143,North East region,Northumberland,Counties & UAs (from Apr 2021),Male,,2019 - 21,19.2963792191934,78.0,Similar,Similar
144,South West region,"Bournemouth, Christchurch and Poole",Counties & UAs (from Apr 2021),Male,,2019 - 21,18.9906792693711,99.0,Similar,Similar
145,South West region,Dorset,Counties & UAs (from Apr 2021),Male,,2019 - 21,19.3296737408457,89.0,Similar,Similar
146,South East region,Buckinghamshire UA,Counties & UAs (from Apr 2021),Male,,2019 - 21,15.9749060993618,111.0,Similar,Similar
147,East Midlands region,North Northamptonshire,Counties & UAs (from Apr 2021),Male,,2019 - 21,17.0711330600009,73.0,Similar,Similar
148,East Midlands region,West Northamptonshire,Counties & UAs (from Apr 2021),Male,,2019 - 21,15.1869226370553,79.0,Similar,Similar
149,North West region,Bolton,Counties & UAs (from Apr 2021),Male,,2019 - 21,16.011346732633,58.0,Similar,Similar
150,North West region,Bury,Counties & UAs (from Apr 2021),Male,,2019 - 21,19.6066305774277,47.0,Similar,Similar
151,North West region,Manchester,Counties & UAs (from Apr 2021),Male,,2019 - 21,16.3736958580762,115.0,Similar,Similar
152,North West region,Oldham,Counties & UAs (from Apr 2021),Male,,2019 - 21,10.4310836440022,31.0,Better,Better
153,North West region,Rochdale,Counties & UAs (from Apr 2021),Male,,2019 - 21,17.8053080339235,50.0,Similar,Similar
154,North West region,Salford,Counties & UAs (from Apr 2021),Male,,2019 - 21,16.7701915473256,57.0,Similar,Similar
155,North West region,Stockport,Counties & UAs (from Apr 2021),Male,,2019 - 21,13.1562242149928,49.0,Similar,Better
156,North West region,Tameside,Counties & UAs (from Apr 2021),Male,,2019 - 21,11.7639697255381,34.0,Similar,Better
157,North West region,Trafford,Counties & UAs (from Apr 2021),Male,,2019 - 21,13.2235870891958,39.0,Similar,Similar
158,North West region,Wigan,Counties & UAs (from Apr 2021),Male,,2019 - 21,18.3173819786263,78.0,Similar,Similar
159,North West region,Knowsley,Counties & UAs (from Apr 2021),Male,,2019 - 21,16.4743934455299,30.0,Similar,Similar
160,North West region,Liverpool,Counties & UAs (from Apr 2021),Male,,2019 - 21,16.9587802530051,107.0,Similar,Similar
161,North West region,St. Helens,Counties & UAs (from Apr 2021),Male,,2019 - 21,24.0189004525468,55.0,Worse,Worse
162,North West region,Sefton,Counties & UAs (from Apr 2021),Male,,2019 - 21,15.9720323507054,54.0,Similar,Similar
163,North West region,Wirral,Counties & UAs (from Apr 2021),Male,,2019 - 21,18.9217901649798,75.0,Similar,Similar
164,Yorkshire and the Humber region,Barnsley,Counties & UAs (from Apr 2021),Male,,2019 - 21,23.9324016355479,76.0,Worse,Worse
165,Yorkshire and the Humber region,Doncaster,Counties & UAs (from Apr 2021),Male,,2019 - 21,21.3536999780955,87.0,Worse,Similar
166,Yorkshire and the Humber region,Rotherham,Counties & UAs (from Apr 2021),Male,,2019 - 21,18.1986167231683,60.0,Similar,Similar
167,Yorkshire and the Humber region,Sheffield,Counties & UAs (from Apr 2021),Male,,2019 - 21,17.1451991945961,127.0,Similar,Similar
168,North East region,Newcastle upon Tyne,Counties & UAs (from Apr 2021),Male,,2019 - 21,17.2260593273768,65.0,Similar,Similar
169,North East region,North Tyneside,Counties & UAs (from Apr 2021),Male,,2019 - 21,17.1151059193498,45.0,Similar,Similar
170,North East region,South Tyneside,Counties & UAs (from Apr 2021),Male,,2019 - 21,15.1915612523006,30.0,Similar,Similar
171,North East region,Sunderland,Counties & UAs (from Apr 2021),Male,,2019 - 21,24.0946808979141,86.0,Worse,Similar
172,West Midlands region,Birmingham,Counties & UAs (from Apr 2021),Male,,2019 - 21,14.132699371729,193.0,Similar,Better
173,West Midlands region,Coventry,Counties & UAs (from Apr 2021),Male,,2019 - 21,15.2920239765788,71.0,Similar,Similar
174,West Midlands region,Dudley,Counties & UAs (from Apr 2021),Male,,2019 - 21,14.1010070382198,57.0,Similar,Similar
175,West Midlands region,Sandwell,Counties & UAs (from Apr 2021),Male,,2019 - 21,18.0458964737978,74.0,Similar,Similar
176,West Midlands region,Solihull,Counties & UAs (from Apr 2021),Male,,2019 - 21,15.81085738577,43.0,Similar,Similar
177,West Midlands region,Walsall,Counties & UAs (from Apr 2021),Male,,2019 - 21,14.6517058803789,52.0,Similar,Similar
178,West Midlands region,Wolverhampton,Counties & UAs (from Apr 2021),Male,,2019 - 21,12.6210428990241,42.0,Similar,Similar
179,Yorkshire and the Humber region,Bradford,Counties & UAs (from Apr 2021),Male,,2019 - 21,15.3283687714198,101.0,Similar,Better
180,Yorkshire and the Humber region,Calderdale,Counties & UAs (from Apr 2021),Male,,2019 - 21,25.8423174842046,71.0,Worse,Worse
181,Yorkshire and the Humber region,Kirklees,Counties & UAs (from Apr 2021),Male,,2019 - 21,17.4316735623924,98.0,Similar,Similar
182,Yorkshire and the Humber region,Leeds,Counties & UAs (from Apr 2021),Male,,2019 - 21,19.2389740000607,191.0,Worse,Similar
183,Yorkshire and the Humber region,Wakefield,Counties & UAs (from Apr 2021),Male,,2019 - 21,24.1031539943847,108.0,Worse,Worse
184,North East region,Gateshead,Counties & UAs (from Apr 2021),Male,,2019 - 21,16.7293131655002,43.0,Similar,Similar
185,London region,City of London,Counties & UAs (from Apr 2021),Male,,2019 - 21,,0.0,Not compared,Not compared
186,London region,Barking and Dagenham,Counties & UAs (from Apr 2021),Male,,2019 - 21,14.6309732706396,32.0,Similar,Similar
187,London region,Barnet,Counties & UAs (from Apr 2021),Male,,2019 - 21,7.01566700698165,37.0,Better,Better
188,London region,Bexley,Counties & UAs (from Apr 2021),Male,,2019 - 21,11.7212030115688,36.0,Similar,Similar
189,London region,Brent,Counties & UAs (from Apr 2021),Male,,2019 - 21,7.09709446047245,32.0,Better,Better
190,London region,Bromley,Counties & UAs (from Apr 2021),Male,,2019 - 21,7.58928951087532,31.0,Better,Better
191,London region,Camden,Counties & UAs (from Apr 2021),Male,,2019 - 21,12.6186917819484,39.0,Similar,Similar
192,London region,Croydon,Counties & UAs (from Apr 2021),Male,,2019 - 21,9.96010796067056,47.0,Better,Similar
193,London region,Ealing,Counties & UAs (from Apr 2021),Male,,2019 - 21,16.8227815800441,71.0,Similar,Worse
194,London region,Enfield,Counties & UAs (from Apr 2021),Male,,2019 - 21,8.70398513006612,35.0,Better,Similar
195,London region,Greenwich,Counties & UAs (from Apr 2021),Male,,2019 - 21,9.34822489660269,33.0,Better,Similar
196,London region,Hackney,Counties & UAs (from Apr 2021),Male,,2019 - 21,11.5828238533019,37.0,Similar,Similar
197,London region,Hammersmith and Fulham,Counties & UAs (from Apr 2021),Male,,2019 - 21,20.5766950822932,53.0,Similar,Worse
198,London region,Haringey,Counties & UAs (from Apr 2021),Male,,2019 - 21,10.5849034192523,35.0,Better,Similar
199,London region,Harrow,Counties & UAs (from Apr 2021),Male,,2019 - 21,7.01171711665097,22.0,Better,Better
200,London region,Havering,Counties & UAs (from Apr 2021),Male,,2019 - 21,12.3682272509398,40.0,Similar,Similar
201,London region,Hillingdon,Counties & UAs (from Apr 2021),Male,,2019 - 21,12.4717205470323,50.0,Similar,Similar
202,London region,Hounslow,Counties & UAs (from Apr 2021),Male,,2019 - 21,12.1574328311624,45.0,Similar,Similar
203,London region,Islington,Counties & UAs (from Apr 2021),Male,,2019 - 21,10.6048075503537,28.0,Similar,Similar
204,London region,Kensington and Chelsea,Counties & UAs (from Apr 2021),Male,,2019 - 21,14.5186356865285,30.0,Similar,Similar
205,London region,Kingston upon Thames,Counties & UAs (from Apr 2021),Male,,2019 - 21,11.2171791157927,24.0,Similar,Similar
206,London region,Lambeth,Counties & UAs (from Apr 2021),Male,,2019 - 21,7.45566002539765,30.0,Better,Similar
207,London region,Lewisham,Counties & UAs (from Apr 2021),Male,,2019 - 21,13.0030156864401,45.0,Similar,Similar
208,London region,Merton,Counties & UAs (from Apr 2021),Male,,2019 - 21,10.1968836229235,28.0,Better,Similar
209,London region,Newham,Counties & UAs (from Apr 2021),Male,,2019 - 21,9.46066652160765,44.0,Better,Similar
210,London region,Redbridge,Counties & UAs (from Apr 2021),Male,,2019 - 21,11.2204851506603,40.0,Better,Similar
211,London region,Richmond upon Thames,Counties & UAs (from Apr 2021),Male,,2019 - 21,11.1756315956168,27.0,Similar,Similar
212,London region,Southwark,Counties & UAs (from Apr 2021),Male,,2019 - 21,14.4173390229258,56.0,Similar,Similar
213,London region,Sutton,Counties & UAs (from Apr 2021),Male,,2019 - 21,14.662402081919,38.0,Similar,Similar
214,London region,Tower Hamlets,Counties & UAs (from Apr 2021),Male,,2019 - 21,9.9473611058387,45.0,Better,Similar
215,London region,Waltham Forest,Counties & UAs (from Apr 2021),Male,,2019 - 21,10.7206121640325,39.0,Better,Similar
216,London region,Wandsworth,Counties & UAs (from Apr 2021),Male,,2019 - 21,12.4189732285856,45.0,Similar,Similar
217,London region,Westminster,Counties & UAs (from Apr 2021),Male,,2019 - 21,10.2558043770802,37.0,Better,Similar
218,East of England region,Cambridgeshire,Counties & UAs (from Apr 2021),Male,,2019 - 21,14.9442522877928,129.0,Similar,Similar
219,North West region,Cumbria,Counties & UAs (from Apr 2021),Male,,2019 - 21,23.4185346175822,147.0,Worse,Worse
220,East Midlands region,Derbyshire,Counties & UAs (from Apr 2021),Male,,2019 - 21,17.7209659030285,183.0,Similar,Similar
221,South West region,Devon,Counties & UAs (from Apr 2021),Male,,2019 - 21,19.629058854795,201.0,Worse,Similar
222,South East region,East Sussex,Counties & UAs (from Apr 2021),Male,,2019 - 21,17.7671092864997,125.0,Similar,Similar
223,East of England region,Essex,Counties & UAs (from Apr 2021),Male,,2019 - 21,17.07487506159,323.0,Similar,Worse
224,South West region,Gloucestershire,Counties & UAs (from Apr 2021),Male,,2019 - 21,16.0552457255396,132.0,Similar,Similar
225,South East region,Hampshire,Counties & UAs (from Apr 2021),Male,,2019 - 21,13.5812613129571,237.0,Better,Better
226,East of England region,Hertfordshire,Counties & UAs (from Apr 2021),Male,,2019 - 21,11.4472008592104,171.0,Better,Better
227,South East region,Kent,Counties & UAs (from Apr 2021),Male,,2019 - 21,17.9467596414783,357.0,Worse,Worse
228,North West region,Lancashire,Counties & UAs (from Apr 2021),Male,,2019 - 21,20.3537410944877,318.0,Worse,Worse
229,East Midlands region,Leicestershire,Counties & UAs (from Apr 2021),Male,,2019 - 21,12.3386820890933,114.0,Better,Better
230,East Midlands region,Lincolnshire,Counties & UAs (from Apr 2021),Male,,2019 - 21,19.1652996876927,187.0,Worse,Worse
231,East of England region,Norfolk,Counties & UAs (from Apr 2021),Male,,2019 - 21,15.9260599448329,186.0,Similar,Similar
232,Yorkshire and the Humber region,North Yorkshire,Counties & UAs (from Apr 2021),Male,,2019 - 21,17.4762792933091,137.0,Similar,Similar
233,East Midlands region,Nottinghamshire,Counties & UAs (from Apr 2021),Male,,2019 - 21,17.2007729977958,185.0,Similar,Similar
234,South East region,Oxfordshire,Counties & UAs (from Apr 2021),Male,,2019 - 21,15.6069841563758,138.0,Similar,Similar
235,South West region,Somerset,Counties & UAs (from Apr 2021),Male,,2019 - 21,22.7825099980049,163.0,Worse,Worse
236,West Midlands region,Staffordshire,Counties & UAs (from Apr 2021),Male,,2019 - 21,16.2932336526952,190.0,Similar,Similar
237,East of England region,Suffolk,Counties & UAs (from Apr 2021),Male,,2019 - 21,15.0830646818179,149.0,Similar,Similar
238,South East region,Surrey,Counties & UAs (from Apr 2021),Male,,2019 - 21,15.1427525332675,231.0,Similar,Similar
239,West Midlands region,Warwickshire,Counties & UAs (from Apr 2021),Male,,2019 - 21,16.9189375607262,125.0,Similar,Similar
240,South East region,West Sussex,Counties & UAs (from Apr 2021),Male,,2019 - 21,16.6124935997156,185.0,Similar,Similar
241,West Midlands region,Worcestershire,Counties & UAs (from Apr 2021),Male,,2019 - 21,20.6868930137534,156.0,Worse,Worse
242,North East region,Hartlepool,Counties & UAs (from Apr 2021),Female,,2019 - 21,,5.0,Not compared,Not compared
243,North East region,Middlesbrough,Counties & UAs (from Apr 2021),Female,,2019 - 21,6.83983074134874,12.0,Similar,Similar
244,North East region,Redcar and Cleveland,Counties & UAs (from Apr 2021),Female,,2019 - 21,7.96838272814547,14.0,Similar,Similar
245,North East region,Stockton-on-Tees,Counties & UAs (from Apr 2021),Female,,2019 - 21,4.76474824962175,12.0,Similar,Similar
246,North East region,Darlington,Counties & UAs (from Apr 2021),Female,,2019 - 21,10.8260114279003,16.0,Worse,Worse
247,North West region,Halton,Counties & UAs (from Apr 2021),Female,,2019 - 21,5.48125686562973,10.0,Similar,Similar
248,North West region,Warrington,Counties & UAs (from Apr 2021),Female,,2019 - 21,4.16728714342718,12.0,Similar,Similar
249,North West region,Blackburn with Darwen,Counties & UAs (from Apr 2021),Female,,2019 - 21,,9.0,Not compared,Not compared
250,North West region,Blackpool,Counties & UAs (from Apr 2021),Female,,2019 - 21,9.74196259632817,18.0,Worse,Worse
251,Yorkshire and the Humber region,Kingston upon Hull,Counties & UAs (from Apr 2021),Female,,2019 - 21,5.56439254139979,19.0,Similar,Similar
252,Yorkshire and the Humber region,East Riding of Yorkshire,Counties & UAs (from Apr 2021),Female,,2019 - 21,5.76140029230515,26.0,Similar,Similar
253,Yorkshire and the Humber region,North East Lincolnshire,Counties & UAs (from Apr 2021),Female,,2019 - 21,,7.0,Not compared,Not compared
254,Yorkshire and the Humber region,North Lincolnshire,Counties & UAs (from Apr 2021),Female,,2019 - 21,4.63080262503106,11.0,Similar,Similar
255,Yorkshire and the Humber region,York,Counties & UAs (from Apr 2021),Female,,2019 - 21,6.28314494779614,18.0,Similar,Similar
256,East Midlands region,Derby,Counties & UAs (from Apr 2021),Female,,2019 - 21,,9.0,Not compared,Not compared
257,East Midlands region,Leicester,Counties & UAs (from Apr 2021),Female,,2019 - 21,3.79399856472931,18.0,Similar,Similar
258,East Midlands region,Rutland,Counties & UAs (from Apr 2021),Female,,2019 - 21,,1.0,Not compared,Not compared
259,East Midlands region,Nottingham,Counties & UAs (from Apr 2021),Female,,2019 - 21,5.20430525703252,22.0,Similar,Similar
260,West Midlands region,Herefordshire,Counties & UAs (from Apr 2021),Female,,2019 - 21,6.24074585464606,16.0,Similar,Similar
261,West Midlands region,Telford and Wrekin,Counties & UAs (from Apr 2021),Female,,2019 - 21,6.92945197131111,16.0,Similar,Similar
262,West Midlands region,Stoke-on-Trent,Counties & UAs (from Apr 2021),Female,,2019 - 21,6.33772475144136,21.0,Similar,Similar
263,South West region,Bath and North East Somerset,Counties & UAs (from Apr 2021),Female,,2019 - 21,4.47148958830932,11.0,Similar,Similar
264,South West region,Bristol,Counties & UAs (from Apr 2021),Female,,2019 - 21,6.00901884861973,36.0,Similar,Similar
265,South West region,North Somerset,Counties & UAs (from Apr 2021),Female,,2019 - 21,5.39471617244069,16.0,Similar,Similar
266,South West region,South Gloucestershire,Counties & UAs (from Apr 2021),Female,,2019 - 21,2.87553716948543,11.0,Better,Better
267,South West region,Plymouth,Counties & UAs (from Apr 2021),Female,,2019 - 21,5.58792830325867,21.0,Similar,Similar
268,South West region,Torbay,Counties & UAs (from Apr 2021),Female,,2019 - 21,9.19853567112437,16.0,Similar,Similar
269,South West region,Swindon,Counties & UAs (from Apr 2021),Female,,2019 - 21,5.95248329880455,17.0,Similar,Similar
270,East of England region,Peterborough,Counties & UAs (from Apr 2021),Female,,2019 - 21,6.75607965329245,17.0,Similar,Similar
271,East of England region,Luton,Counties & UAs (from Apr 2021),Female,,2019 - 21,,6.0,Not compared,Not compared
272,East of England region,Southend-on-Sea,Counties & UAs (from Apr 2021),Female,,2019 - 21,5.78914273050176,15.0,Similar,Similar
273,East of England region,Thurrock,Counties & UAs (from Apr 2021),Female,,2019 - 21,4.28773237920575,10.0,Similar,Similar
274,South East region,Medway,Counties & UAs (from Apr 2021),Female,,2019 - 21,4.32877307646009,15.0,Similar,Similar
275,South East region,Bracknell Forest,Counties & UAs (from Apr 2021),Female,,2019 - 21,,5.0,Not compared,Not compared
276,South East region,West Berkshire,Counties & UAs (from Apr 2021),Female,,2019 - 21,5.64166563272701,11.0,Similar,Similar
277,South East region,Reading,Counties & UAs (from Apr 2021),Female,,2019 - 21,7.0105469675561,14.0,Similar,Similar
278,South East region,Slough,Counties & UAs (from Apr 2021),Female,,2019 - 21,5.4670595855014,10.0,Similar,Similar
279,South East region,Windsor and Maidenhead,Counties & UAs (from Apr 2021),Female,,2019 - 21,,7.0,Not compared,Not compared
280,South East region,Wokingham,Counties & UAs (from Apr 2021),Female,,2019 - 21,,4.0,Not compared,Not compared
281,South East region,Milton Keynes,Counties & UAs (from Apr 2021),Female,,2019 - 21,5.45658480727807,18.0,Similar,Similar
282,South East region,Brighton and Hove,Counties & UAs (from Apr 2021),Female,,2019 - 21,9.20507564943046,39.0,Worse,Worse
283,South East region,Portsmouth,Counties & UAs (from Apr 2021),Female,,2019 - 21,6.06164092033544,17.0,Similar,Similar
284,South East region,Southampton,Counties & UAs (from Apr 2021),Female,,2019 - 21,5.65719396431127,19.0,Similar,Similar
285,South East region,Isle of Wight,Counties & UAs (from Apr 2021),Female,,2019 - 21,,9.0,Not compared,Not compared
286,North East region,County Durham,Counties & UAs (from Apr 2021),Female,,2019 - 21,7.68519013156938,54.0,Worse,Worse
287,North West region,Cheshire East,Counties & UAs (from Apr 2021),Female,,2019 - 21,3.75586663277917,20.0,Similar,Similar
288,North West region,Cheshire West and Chester,Counties & UAs (from Apr 2021),Female,,2019 - 21,4.36350656376617,20.0,Similar,Similar
289,West Midlands region,Shropshire,Counties & UAs (from Apr 2021),Female,,2019 - 21,6.24759524603967,30.0,Similar,Similar
290,South West region,Cornwall,Counties & UAs (from Apr 2021),Female,,2019 - 21,6.20568254253704,48.0,Similar,Similar
291,South West region,Isles of Scilly,Counties & UAs (from Apr 2021),Female,,2019 - 21,,,Not compared,Not compared
292,South West region,Wiltshire,Counties & UAs (from Apr 2021),Female,,2019 - 21,4.71016615490045,33.0,Similar,Similar
293,East of England region,Bedford,Counties & UAs (from Apr 2021),Female,,2019 - 21,,7.0,Not compared,Not compared
294,East of England region,Central Bedfordshire,Counties & UAs (from Apr 2021),Female,,2019 - 21,3.82861217829867,15.0,Similar,Similar
295,North East region,Northumberland,Counties & UAs (from Apr 2021),Female,,2019 - 21,3.98835437365939,17.0,Similar,Similar
296,South West region,"Bournemouth, Christchurch and Poole",Counties & UAs (from Apr 2021),Female,,2019 - 21,6.36359434909529,34.0,Similar,Similar
297,South West region,Dorset,Counties & UAs (from Apr 2021),Female,,2019 - 21,5.7826017719021,30.0,Similar,Similar
298,South East region,Buckinghamshire UA,Counties & UAs (from Apr 2021),Female,,2019 - 21,6.14719368627415,46.0,Similar,Similar
299,East Midlands region,North Northamptonshire,Counties & UAs (from Apr 2021),Female,,2019 - 21,4.9980300859776,23.0,Similar,Similar
300,East Midlands region,West Northamptonshire,Counties & UAs (from Apr 2021),Female,,2019 - 21,4.00028843498712,21.0,Similar,Similar
301,North West region,Bolton,Counties & UAs (from Apr 2021),Female,,2019 - 21,3.71078597020602,14.0,Similar,Similar
302,North West region,Bury,Counties & UAs (from Apr 2021),Female,,2019 - 21,4.74936315767399,12.0,Similar,Similar
303,North West region,Manchester,Counties & UAs (from Apr 2021),Female,,2019 - 21,5.16066784025034,39.0,Similar,Similar
304,North West region,Oldham,Counties & UAs (from Apr 2021),Female,,2019 - 21,7.73439998312312,24.0,Similar,Similar
305,North West region,Rochdale,Counties & UAs (from Apr 2021),Female,,2019 - 21,3.46277306622061,10.0,Similar,Similar
306,North West region,Salford,Counties & UAs (from Apr 2021),Female,,2019 - 21,7.69292022150947,27.0,Similar,Similar
307,North West region,Stockport,Counties & UAs (from Apr 2021),Female,,2019 - 21,3.46966013852276,14.0,Similar,Similar
308,North West region,Tameside,Counties & UAs (from Apr 2021),Female,,2019 - 21,,8.0,Not compared,Not compared
309,North West region,Trafford,Counties & UAs (from Apr 2021),Female,,2019 - 21,5.54399306820042,17.0,Similar,Similar
310,North West region,Wigan,Counties & UAs (from Apr 2021),Female,,2019 - 21,6.53173718016844,28.0,Similar,Similar
311,North West region,Knowsley,Counties & UAs (from Apr 2021),Female,,2019 - 21,,9.0,Not compared,Not compared
312,North West region,Liverpool,Counties & UAs (from Apr 2021),Female,,2019 - 21,5.23374372903421,36.0,Similar,Similar
313,North West region,St. Helens,Counties & UAs (from Apr 2021),Female,,2019 - 21,4.69910473581386,11.0,Similar,Similar
314,North West region,Sefton,Counties & UAs (from Apr 2021),Female,,2019 - 21,4.55393044937961,17.0,Similar,Similar
315,North West region,Wirral,Counties & UAs (from Apr 2021),Female,,2019 - 21,4.37886320376231,18.0,Similar,Similar
316,Yorkshire and the Humber region,Barnsley,Counties & UAs (from Apr 2021),Female,,2019 - 21,5.96564205446075,20.0,Similar,Similar
317,Yorkshire and the Humber region,Doncaster,Counties & UAs (from Apr 2021),Female,,2019 - 21,8.6240766227498,35.0,Worse,Similar
318,Yorkshire and the Humber region,Rotherham,Counties & UAs (from Apr 2021),Female,,2019 - 21,8.51558622688172,29.0,Worse,Similar
319,Yorkshire and the Humber region,Sheffield,Counties & UAs (from Apr 2021),Female,,2019 - 21,5.04201061443343,41.0,Similar,Similar
320,North East region,Newcastle upon Tyne,Counties & UAs (from Apr 2021),Female,,2019 - 21,5.69296723323194,20.0,Similar,Similar
321,North East region,North Tyneside,Counties & UAs (from Apr 2021),Female,,2019 - 21,5.14622046210047,14.0,Similar,Similar
322,North East region,South Tyneside,Counties & UAs (from Apr 2021),Female,,2019 - 21,,2.0,Not compared,Not compared
323,North East region,Sunderland,Counties & UAs (from Apr 2021),Female,,2019 - 21,4.8214536552681,17.0,Similar,Similar
324,West Midlands region,Birmingham,Counties & UAs (from Apr 2021),Female,,2019 - 21,3.54214021379369,50.0,Better,Better
325,West Midlands region,Coventry,Counties & UAs (from Apr 2021),Female,,2019 - 21,3.25108102502867,18.0,Similar,Similar
326,West Midlands region,Dudley,Counties & UAs (from Apr 2021),Female,,2019 - 21,6.85140098906632,29.0,Similar,Similar
327,West Midlands region,Sandwell,Counties & UAs (from Apr 2021),Female,,2019 - 21,4.52017969339374,19.0,Similar,Similar
328,West Midlands region,Solihull,Counties & UAs (from Apr 2021),Female,,2019 - 21,5.41768761324809,16.0,Similar,Similar
329,West Midlands region,Walsall,Counties & UAs (from Apr 2021),Female,,2019 - 21,3.56015445116468,13.0,Similar,Similar
330,West Midlands region,Wolverhampton,Counties & UAs (from Apr 2021),Female,,2019 - 21,3.31568739267975,11.0,Similar,Similar
331,Yorkshire and the Humber region,Bradford,Counties & UAs (from Apr 2021),Female,,2019 - 21,4.45302998740177,31.0,Similar,Better
332,Yorkshire and the Humber region,Calderdale,Counties & UAs (from Apr 2021),Female,,2019 - 21,8.24360256892738,23.0,Worse,Similar
333,Yorkshire and the Humber region,Kirklees,Counties & UAs (from Apr 2021),Female,,2019 - 21,5.13564820679522,29.0,Similar,Similar
334,Yorkshire and the Humber region,Leeds,Counties & UAs (from Apr 2021),Female,,2019 - 21,8.80610382610971,90.0,Worse,Worse
335,Yorkshire and the Humber region,Wakefield,Counties & UAs (from Apr 2021),Female,,2019 - 21,10.9071773630222,51.0,Worse,Worse
336,North East region,Gateshead,Counties & UAs (from Apr 2021),Female,,2019 - 21,,8.0,Not compared,Not compared
337,London region,City of London,Counties & UAs (from Apr 2021),Female,,2019 - 21,,3.0,Not compared,Not compared
338,London region,Barking and Dagenham,Counties & UAs (from Apr 2021),Female,,2019 - 21,3.6468655510802,12.0,Similar,Similar
339,London region,Barnet,Counties & UAs (from Apr 2021),Female,,2019 - 21,2.51556524817436,13.0,Better,Similar
340,London region,Bexley,Counties & UAs (from Apr 2021),Female,,2019 - 21,3.25713628278436,11.0,Similar,Similar
341,London region,Brent,Counties & UAs (from Apr 2021),Female,,2019 - 21,3.37597804650892,15.0,Similar,Similar
342,London region,Bromley,Counties & UAs (from Apr 2021),Female,,2019 - 21,2.87219206026991,12.0,Better,Similar
343,London region,Camden,Counties & UAs (from Apr 2021),Female,,2019 - 21,5.09410017034878,16.0,Similar,Similar
344,London region,Croydon,Counties & UAs (from Apr 2021),Female,,2019 - 21,2.85422613908556,15.0,Better,Similar
345,London region,Ealing,Counties & UAs (from Apr 2021),Female,,2019 - 21,2.86181103720334,12.0,Better,Similar
346,London region,Enfield,Counties & UAs (from Apr 2021),Female,,2019 - 21,,9.0,Not compared,Not compared
347,London region,Greenwich,Counties & UAs (from Apr 2021),Female,,2019 - 21,4.25302037799205,14.0,Similar,Similar
348,London region,Hackney,Counties & UAs (from Apr 2021),Female,,2019 - 21,5.79665484643176,19.0,Similar,Similar
349,London region,Hammersmith and Fulham,Counties & UAs (from Apr 2021),Female,,2019 - 21,5.71506718157525,17.0,Similar,Similar
350,London region,Haringey,Counties & UAs (from Apr 2021),Female,,2019 - 21,4.24780174739732,15.0,Similar,Similar
351,London region,Harrow,Counties & UAs (from Apr 2021),Female,,2019 - 21,3.70092888412252,12.0,Similar,Similar
352,London region,Havering,Counties & UAs (from Apr 2021),Female,,2019 - 21,5.00376748107815,17.0,Similar,Similar
353,London region,Hillingdon,Counties & UAs (from Apr 2021),Female,,2019 - 21,5.15252320052002,20.0,Similar,Similar
354,London region,Hounslow,Counties & UAs (from Apr 2021),Female,,2019 - 21,5.39356222647632,18.0,Similar,Similar
355,London region,Islington,Counties & UAs (from Apr 2021),Female,,2019 - 21,5.28592177373821,13.0,Similar,Similar
356,London region,Kensington and Chelsea,Counties & UAs (from Apr 2021),Female,,2019 - 21,6.16409293790631,13.0,Similar,Similar
357,London region,Kingston upon Thames,Counties & UAs (from Apr 2021),Female,,2019 - 21,4.87130210399524,12.0,Similar,Similar
358,London region,Lambeth,Counties & UAs (from Apr 2021),Female,,2019 - 21,3.89981207627366,15.0,Similar,Similar
359,London region,Lewisham,Counties & UAs (from Apr 2021),Female,,2019 - 21,4.04791923997728,17.0,Similar,Similar
360,London region,Merton,Counties & UAs (from Apr 2021),Female,,2019 - 21,,9.0,Not compared,Not compared
361,London region,Newham,Counties & UAs (from Apr 2021),Female,,2019 - 21,2.18207855523122,10.0,Better,Similar
362,London region,Redbridge,Counties & UAs (from Apr 2021),Female,,2019 - 21,4.42889465716364,17.0,Similar,Similar
363,London region,Richmond upon Thames,Counties & UAs (from Apr 2021),Female,,2019 - 21,3.39664614396028,10.0,Similar,Similar
364,London region,Southwark,Counties & UAs (from Apr 2021),Female,,2019 - 21,3.74679222425579,14.0,Similar,Similar
365,London region,Sutton,Counties & UAs (from Apr 2021),Female,,2019 - 21,6.62901173940661,18.0,Similar,Worse
366,London region,Tower Hamlets,Counties & UAs (from Apr 2021),Female,,2019 - 21,3.1921786004758,13.0,Similar,Similar
367,London region,Waltham Forest,Counties & UAs (from Apr 2021),Female,,2019 - 21,,8.0,Not compared,Not compared
368,London region,Wandsworth,Counties & UAs (from Apr 2021),Female,,2019 - 21,3.25816437663936,15.0,Similar,Similar
369,London region,Westminster,Counties & UAs (from Apr 2021),Female,,2019 - 21,4.32851533954369,14.0,Similar,Similar
370,East of England region,Cambridgeshire,Counties & UAs (from Apr 2021),Female,,2019 - 21,5.84507685337071,51.0,Similar,Similar
371,North West region,Cumbria,Counties & UAs (from Apr 2021),Female,,2019 - 21,8.16127243867633,52.0,Worse,Worse
372,East Midlands region,Derbyshire,Counties & UAs (from Apr 2021),Female,,2019 - 21,5.68614161783304,61.0,Similar,Similar
373,South West region,Devon,Counties & UAs (from Apr 2021),Female,,2019 - 21,5.58582568642513,62.0,Similar,Similar
374,South East region,East Sussex,Counties & UAs (from Apr 2021),Female,,2019 - 21,6.90227194276277,54.0,Similar,Similar
375,East of England region,Essex,Counties & UAs (from Apr 2021),Female,,2019 - 21,4.75076043962117,95.0,Similar,Similar
376,South West region,Gloucestershire,Counties & UAs (from Apr 2021),Female,,2019 - 21,6.68584750860494,60.0,Similar,Similar
377,South East region,Hampshire,Counties & UAs (from Apr 2021),Female,,2019 - 21,4.45564787275222,84.0,Similar,Better
378,East of England region,Hertfordshire,Counties & UAs (from Apr 2021),Female,,2019 - 21,4.22456783206628,67.0,Similar,Similar
379,South East region,Kent,Counties & UAs (from Apr 2021),Female,,2019 - 21,5.75533415314283,122.0,Similar,Similar
380,North West region,Lancashire,Counties & UAs (from Apr 2021),Female,,2019 - 21,6.83720296350651,107.0,Worse,Worse
381,East Midlands region,Leicestershire,Counties & UAs (from Apr 2021),Female,,2019 - 21,5.14846519824531,50.0,Similar,Similar
382,East Midlands region,Lincolnshire,Counties & UAs (from Apr 2021),Female,,2019 - 21,5.41913962077268,55.0,Similar,Similar
383,East of England region,Norfolk,Counties & UAs (from Apr 2021),Female,,2019 - 21,5.58579835342494,70.0,Similar,Similar
384,Yorkshire and the Humber region,North Yorkshire,Counties & UAs (from Apr 2021),Female,,2019 - 21,5.46164647859271,46.0,Similar,Similar
385,East Midlands region,Nottinghamshire,Counties & UAs (from Apr 2021),Female,,2019 - 21,3.70440402416796,41.0,Better,Similar
386,South East region,Oxfordshire,Counties & UAs (from Apr 2021),Female,,2019 - 21,4.63072158289767,43.0,Similar,Similar
387,South West region,Somerset,Counties & UAs (from Apr 2021),Female,,2019 - 21,7.61309021428571,56.0,Worse,Similar
388,West Midlands region,Staffordshire,Counties & UAs (from Apr 2021),Female,,2019 - 21,7.60544873971792,87.0,Worse,Worse
389,East of England region,Suffolk,Counties & UAs (from Apr 2021),Female,,2019 - 21,5.98682045317405,59.0,Similar,Similar
390,South East region,Surrey,Counties & UAs (from Apr 2021),Female,,2019 - 21,5.37119376151926,85.0,Similar,Similar
391,West Midlands region,Warwickshire,Counties & UAs (from Apr 2021),Female,,2019 - 21,5.83003212418869,47.0,Similar,Similar
392,South East region,West Sussex,Counties & UAs (from Apr 2021),Female,,2019 - 21,6.80609133080036,80.0,Worse,Similar
393,West Midlands region,Worcestershire,Counties & UAs (from Apr 2021),Female,,2019 - 21,3.87270926478271,30.0,Similar,Similar
394,North East region,Hartlepool,Counties & UAs (from Apr 2021),Persons,,2019 - 21,14.6670187639968,36.0,Similar,Similar
395,North East region,Middlesbrough,Counties & UAs (from Apr 2021),Persons,,2019 - 21,14.8798519564433,54.0,Worse,Similar
396,North East region,Redcar and Cleveland,Counties & UAs (from Apr 2021),Persons,,2019 - 21,19.7506008384136,69.0,Worse,Worse
397,North East region,Stockton-on-Tees,Counties & UAs (from Apr 2021),Persons,,2019 - 21,10.2064448730501,52.0,Similar,Similar
398,North East region,Darlington,Counties & UAs (from Apr 2021),Persons,,2019 - 21,16.5980229404794,47.0,Worse,Similar
399,North West region,Halton,Counties & UAs (from Apr 2021),Persons,,2019 - 21,10.0659683628087,34.0,Similar,Similar
400,North West region,Warrington,Counties & UAs (from Apr 2021),Persons,,2019 - 21,9.03268000034964,51.0,Similar,Similar
401,North West region,Blackburn with Darwen,Counties & UAs (from Apr 2021),Persons,,2019 - 21,9.81554009592382,38.0,Similar,Similar
402,North West region,Blackpool,Counties & UAs (from Apr 2021),Persons,,2019 - 21,18.7040254383445,67.0,Worse,Worse
403,Yorkshire and the Humber region,Kingston upon Hull,Counties & UAs (from Apr 2021),Persons,,2019 - 21,13.1989410658691,90.0,Worse,Similar
404,Yorkshire and the Humber region,East Riding of Yorkshire,Counties & UAs (from Apr 2021),Persons,,2019 - 21,12.9605637809205,115.0,Worse,Similar
405,Yorkshire and the Humber region,North East Lincolnshire,Counties & UAs (from Apr 2021),Persons,,2019 - 21,6.82453469238235,28.0,Better,Better
406,Yorkshire and the Humber region,North Lincolnshire,Counties & UAs (from Apr 2021),Persons,,2019 - 21,9.30886566593352,43.0,Similar,Similar
407,Yorkshire and the Humber region,York,Counties & UAs (from Apr 2021),Persons,,2019 - 21,13.2600249958443,72.0,Similar,Similar
408,East Midlands region,Derby,Counties & UAs (from Apr 2021),Persons,,2019 - 21,8.84333116265376,58.0,Similar,Similar
409,East Midlands region,Leicester,Counties & UAs (from Apr 2021),Persons,,2019 - 21,10.6242339030808,90.0,Similar,Similar
410,East Midlands region,Rutland,Counties & UAs (from Apr 2021),Persons,,2019 - 21,,3.0,Not compared,Not compared
411,East Midlands region,Nottingham,Counties & UAs (from Apr 2021),Persons,,2019 - 21,11.2168296507233,94.0,Similar,Similar
412,West Midlands region,Herefordshire,Counties & UAs (from Apr 2021),Persons,,2019 - 21,12.5804209344625,64.0,Similar,Similar
413,West Midlands region,Telford and Wrekin,Counties & UAs (from Apr 2021),Persons,,2019 - 21,11.4286133603943,53.0,Similar,Similar
414,West Midlands region,Stoke-on-Trent,Counties & UAs (from Apr 2021),Persons,,2019 - 21,16.389456513413,106.0,Worse,Worse
415,South West region,Bath and North East Somerset,Counties & UAs (from Apr 2021),Persons,,2019 - 21,9.67315616428286,48.0,Similar,Similar
416,South West region,Bristol,Counties & UAs (from Apr 2021),Persons,,2019 - 21,11.7952650939121,140.0,Similar,Similar
417,South West region,North Somerset,Counties & UAs (from Apr 2021),Persons,,2019 - 21,8.74934194400878,51.0,Similar,Better
418,South West region,South Gloucestershire,Counties & UAs (from Apr 2021),Persons,,2019 - 21,7.92778927706593,60.0,Better,Better
419,South West region,Plymouth,Counties & UAs (from Apr 2021),Persons,,2019 - 21,10.7379125311878,76.0,Similar,Similar
420,South West region,Torbay,Counties & UAs (from Apr 2021),Persons,,2019 - 21,17.2481849232142,58.0,Worse,Worse
421,South West region,Swindon,Counties & UAs (from Apr 2021),Persons,,2019 - 21,11.544076212362,66.0,Similar,Similar
422,East of England region,Peterborough,Counties & UAs (from Apr 2021),Persons,,2019 - 21,11.2048250917327,58.0,Similar,Similar
423,East of England region,Luton,Counties & UAs (from Apr 2021),Persons,,2019 - 21,7.87379351625277,43.0,Similar,Similar
424,East of England region,Southend-on-Sea,Counties & UAs (from Apr 2021),Persons,,2019 - 21,12.071182746578,58.0,Similar,Similar
425,East of England region,Thurrock,Counties & UAs (from Apr 2021),Persons,,2019 - 21,5.38376720624593,26.0,Better,Better
426,South East region,Medway,Counties & UAs (from Apr 2021),Persons,,2019 - 21,10.6271736212445,76.0,Similar,Similar
427,South East region,Bracknell Forest,Counties & UAs (from Apr 2021),Persons,,2019 - 21,8.38752936486003,28.0,Similar,Similar
428,South East region,West Berkshire,Counties & UAs (from Apr 2021),Persons,,2019 - 21,11.8899700492946,48.0,Similar,Similar
429,South East region,Reading,Counties & UAs (from Apr 2021),Persons,,2019 - 21,11.9980583346966,49.0,Similar,Similar
430,South East region,Slough,Counties & UAs (from Apr 2021),Persons,,2019 - 21,8.72842755526827,31.0,Similar,Similar
431,South East region,Windsor and Maidenhead,Counties & UAs (from Apr 2021),Persons,,2019 - 21,8.18684876419807,31.0,Similar,Similar
432,South East region,Wokingham,Counties & UAs (from Apr 2021),Persons,,2019 - 21,6.00214724361831,26.0,Better,Better
433,South East region,Milton Keynes,Counties & UAs (from Apr 2021),Persons,,2019 - 21,12.8819173705996,91.0,Similar,Similar
434,South East region,Brighton and Hove,Counties & UAs (from Apr 2021),Persons,,2019 - 21,14.0916103380936,113.0,Worse,Worse
435,South East region,Portsmouth,Counties & UAs (from Apr 2021),Persons,,2019 - 21,9.9270317483726,56.0,Similar,Similar
436,South East region,Southampton,Counties & UAs (from Apr 2021),Persons,,2019 - 21,9.53441316398193,63.0,Similar,Similar
437,South East region,Isle of Wight,Counties & UAs (from Apr 2021),Persons,,2019 - 21,13.7825086971505,48.0,Similar,Similar
438,North East region,County Durham,Counties & UAs (from Apr 2021),Persons,,2019 - 21,15.7877443250994,217.0,Worse,Worse
439,North West region,Cheshire East,Counties & UAs (from Apr 2021),Persons,,2019 - 21,10.0771438645863,100.0,Similar,Similar
440,North West region,Cheshire West and Chester,Counties & UAs (from Apr 2021),Persons,,2019 - 21,10.8205773758248,100.0,Similar,Similar
441,West Midlands region,Shropshire,Counties & UAs (from Apr 2021),Persons,,2019 - 21,11.5537394375842,99.0,Similar,Similar
442,South West region,Cornwall,Counties & UAs (from Apr 2021),Persons,,2019 - 21,13.4906140312289,204.0,Worse,Similar
443,South West region,Isles of Scilly,Counties & UAs (from Apr 2021),Persons,,2019 - 21,,,Not compared,Not compared
444,South West region,Wiltshire,Counties & UAs (from Apr 2021),Persons,,2019 - 21,11.5329576819854,150.0,Similar,Similar
445,East of England region,Bedford,Counties & UAs (from Apr 2021),Persons,,2019 - 21,11.744459314057,52.0,Similar,Similar
446,East of England region,Central Bedfordshire,Counties & UAs (from Apr 2021),Persons,,2019 - 21,7.571147949798,56.0,Better,Similar
447,North East region,Northumberland,Counties & UAs (from Apr 2021),Persons,,2019 - 21,11.4532057621346,95.0,Similar,Similar
448,South West region,"Bournemouth, Christchurch and Poole",Counties & UAs (from Apr 2021),Persons,,2019 - 21,12.6837233304885,133.0,Worse,Similar
449,South West region,Dorset,Counties & UAs (from Apr 2021),Persons,,2019 - 21,12.4141155889101,119.0,Similar,Similar
450,South East region,Buckinghamshire UA,Counties & UAs (from Apr 2021),Persons,,2019 - 21,10.9838602522552,157.0,Similar,Similar
451,East Midlands region,North Northamptonshire,Counties & UAs (from Apr 2021),Persons,,2019 - 21,10.7973087026598,96.0,Similar,Similar
452,East Midlands region,West Northamptonshire,Counties & UAs (from Apr 2021),Persons,,2019 - 21,9.45695065136352,100.0,Similar,Similar
453,North West region,Bolton,Counties & UAs (from Apr 2021),Persons,,2019 - 21,9.79945932006151,72.0,Similar,Similar
454,North West region,Bury,Counties & UAs (from Apr 2021),Persons,,2019 - 21,11.9682320180742,59.0,Similar,Similar
455,North West region,Manchester,Counties & UAs (from Apr 2021),Persons,,2019 - 21,10.8254961063205,154.0,Similar,Similar
456,North West region,Oldham,Counties & UAs (from Apr 2021),Persons,,2019 - 21,9.02299288757846,55.0,Similar,Similar
457,North West region,Rochdale,Counties & UAs (from Apr 2021),Persons,,2019 - 21,10.5259566754717,60.0,Similar,Similar
458,North West region,Salford,Counties & UAs (from Apr 2021),Persons,,2019 - 21,12.3194811649314,84.0,Similar,Similar
459,North West region,Stockport,Counties & UAs (from Apr 2021),Persons,,2019 - 21,8.14346085033552,63.0,Better,Better
460,North West region,Tameside,Counties & UAs (from Apr 2021),Persons,,2019 - 21,7.1593574786789,42.0,Better,Better
461,North West region,Trafford,Counties & UAs (from Apr 2021),Persons,,2019 - 21,9.2535336333999,56.0,Similar,Similar
462,North West region,Wigan,Counties & UAs (from Apr 2021),Persons,,2019 - 21,12.4117034233651,106.0,Similar,Similar
463,North West region,Knowsley,Counties & UAs (from Apr 2021),Persons,,2019 - 21,10.0023149311858,39.0,Similar,Similar
464,North West region,Liverpool,Counties & UAs (from Apr 2021),Persons,,2019 - 21,10.9726415171842,143.0,Similar,Similar
465,North West region,St. Helens,Counties & UAs (from Apr 2021),Persons,,2019 - 21,14.0051582022861,66.0,Worse,Similar
466,North West region,Sefton,Counties & UAs (from Apr 2021),Persons,,2019 - 21,9.99954855629395,71.0,Similar,Similar
467,North West region,Wirral,Counties & UAs (from Apr 2021),Persons,,2019 - 21,11.3975673398108,93.0,Similar,Similar
468,Yorkshire and the Humber region,Barnsley,Counties & UAs (from Apr 2021),Persons,,2019 - 21,14.7614902192469,96.0,Worse,Similar
469,Yorkshire and the Humber region,Doncaster,Counties & UAs (from Apr 2021),Persons,,2019 - 21,14.9778503241466,122.0,Worse,Similar
470,Yorkshire and the Humber region,Rotherham,Counties & UAs (from Apr 2021),Persons,,2019 - 21,13.2196516922365,89.0,Worse,Similar
471,Yorkshire and the Humber region,Sheffield,Counties & UAs (from Apr 2021),Persons,,2019 - 21,11.0464525123713,168.0,Similar,Similar
472,North East region,Newcastle upon Tyne,Counties & UAs (from Apr 2021),Persons,,2019 - 21,11.5548120836048,85.0,Similar,Similar
473,North East region,North Tyneside,Counties & UAs (from Apr 2021),Persons,,2019 - 21,10.9645268659157,59.0,Similar,Similar
474,North East region,South Tyneside,Counties & UAs (from Apr 2021),Persons,,2019 - 21,7.71872494038458,32.0,Similar,Better
475,North East region,Sunderland,Counties & UAs (from Apr 2021),Persons,,2019 - 21,14.2005875975951,103.0,Worse,Similar
476,West Midlands region,Birmingham,Counties & UAs (from Apr 2021),Persons,,2019 - 21,8.69176251727355,243.0,Better,Better
477,West Midlands region,Coventry,Counties & UAs (from Apr 2021),Persons,,2019 - 21,9.25280979305268,89.0,Similar,Similar
478,West Midlands region,Dudley,Counties & UAs (from Apr 2021),Persons,,2019 - 21,10.305500311074,86.0,Similar,Similar
479,West Midlands region,Sandwell,Counties & UAs (from Apr 2021),Persons,,2019 - 21,11.1577758420832,93.0,Similar,Similar
480,West Midlands region,Solihull,Counties & UAs (from Apr 2021),Persons,,2019 - 21,10.301321535337,59.0,Similar,Similar
481,West Midlands region,Walsall,Counties & UAs (from Apr 2021),Persons,,2019 - 21,9.04920356897475,65.0,Similar,Similar
482,West Midlands region,Wolverhampton,Counties & UAs (from Apr 2021),Persons,,2019 - 21,7.92063104174397,53.0,Better,Better
483,Yorkshire and the Humber region,Bradford,Counties & UAs (from Apr 2021),Persons,,2019 - 21,9.82998726043299,132.0,Similar,Better
484,Yorkshire and the Humber region,Calderdale,Counties & UAs (from Apr 2021),Persons,,2019 - 21,16.9063761466857,94.0,Worse,Worse
485,Yorkshire and the Humber region,Kirklees,Counties & UAs (from Apr 2021),Persons,,2019 - 21,11.2075023837234,127.0,Similar,Similar
486,Yorkshire and the Humber region,Leeds,Counties & UAs (from Apr 2021),Persons,,2019 - 21,13.8634862211004,281.0,Worse,Similar
487,Yorkshire and the Humber region,Wakefield,Counties & UAs (from Apr 2021),Persons,,2019 - 21,17.3148893664711,159.0,Worse,Worse
488,North East region,Gateshead,Counties & UAs (from Apr 2021),Persons,,2019 - 21,9.58602396418345,51.0,Similar,Better
489,London region,City of London,Counties & UAs (from Apr 2021),Persons,,2019 - 21,,3.0,Not compared,Not compared
490,London region,Barking and Dagenham,Counties & UAs (from Apr 2021),Persons,,2019 - 21,8.81630761602811,44.0,Similar,Similar
491,London region,Barnet,Counties & UAs (from Apr 2021),Persons,,2019 - 21,4.7682702575573,50.0,Better,Better
492,London region,Bexley,Counties & UAs (from Apr 2021),Persons,,2019 - 21,7.22530420878012,47.0,Better,Similar
493,London region,Brent,Counties & UAs (from Apr 2021),Persons,,2019 - 21,5.26452619498812,47.0,Better,Better
494,London region,Bromley,Counties & UAs (from Apr 2021),Persons,,2019 - 21,5.13669185423053,43.0,Better,Better
495,London region,Camden,Counties & UAs (from Apr 2021),Persons,,2019 - 21,8.89787050722334,55.0,Similar,Similar
496,London region,Croydon,Counties & UAs (from Apr 2021),Persons,,2019 - 21,6.21614563977185,62.0,Better,Similar
497,London region,Ealing,Counties & UAs (from Apr 2021),Persons,,2019 - 21,9.78485483593144,83.0,Similar,Worse
498,London region,Enfield,Counties & UAs (from Apr 2021),Persons,,2019 - 21,5.30838904680476,44.0,Better,Better
499,London region,Greenwich,Counties & UAs (from Apr 2021),Persons,,2019 - 21,6.83792029192535,47.0,Better,Similar
500,London region,Hackney,Counties & UAs (from Apr 2021),Persons,,2019 - 21,8.59745690432151,56.0,Similar,Similar
501,London region,Hammersmith and Fulham,Counties & UAs (from Apr 2021),Persons,,2019 - 21,12.9122748992518,70.0,Similar,Worse
502,London region,Haringey,Counties & UAs (from Apr 2021),Persons,,2019 - 21,7.24060098674667,50.0,Better,Similar
503,London region,Harrow,Counties & UAs (from Apr 2021),Persons,,2019 - 21,5.37467391304082,34.0,Better,Similar
504,London region,Havering,Counties & UAs (from Apr 2021),Persons,,2019 - 21,8.44726534102315,57.0,Similar,Similar
505,London region,Hillingdon,Counties & UAs (from Apr 2021),Persons,,2019 - 21,8.82920836473241,70.0,Similar,Similar
506,London region,Hounslow,Counties & UAs (from Apr 2021),Persons,,2019 - 21,8.84216534748439,63.0,Similar,Similar
507,London region,Islington,Counties & UAs (from Apr 2021),Persons,,2019 - 21,7.85897970091733,41.0,Similar,Similar
508,London region,Kensington and Chelsea,Counties & UAs (from Apr 2021),Persons,,2019 - 21,10.238240016221,43.0,Similar,Worse
509,London region,Kingston upon Thames,Counties & UAs (from Apr 2021),Persons,,2019 - 21,7.898383341161,36.0,Similar,Similar
510,London region,Lambeth,Counties & UAs (from Apr 2021),Persons,,2019 - 21,5.66021503907758,45.0,Better,Similar
511,London region,Lewisham,Counties & UAs (from Apr 2021),Persons,,2019 - 21,8.33323816207768,62.0,Similar,Similar
512,London region,Merton,Counties & UAs (from Apr 2021),Persons,,2019 - 21,6.47971184974019,37.0,Better,Similar
513,London region,Newham,Counties & UAs (from Apr 2021),Persons,,2019 - 21,5.96318089843264,54.0,Better,Similar
514,London region,Redbridge,Counties & UAs (from Apr 2021),Persons,,2019 - 21,7.68050826574394,57.0,Better,Similar
515,London region,Richmond upon Thames,Counties & UAs (from Apr 2021),Persons,,2019 - 21,7.08396120409127,37.0,Better,Similar
516,London region,Southwark,Counties & UAs (from Apr 2021),Persons,,2019 - 21,9.015501957911,70.0,Similar,Similar
517,London region,Sutton,Counties & UAs (from Apr 2021),Persons,,2019 - 21,10.6037376280693,56.0,Similar,Worse
518,London region,Tower Hamlets,Counties & UAs (from Apr 2021),Persons,,2019 - 21,6.6255198466913,58.0,Better,Similar
519,London region,Waltham Forest,Counties & UAs (from Apr 2021),Persons,,2019 - 21,6.53554395015776,47.0,Better,Similar
520,London region,Wandsworth,Counties & UAs (from Apr 2021),Persons,,2019 - 21,7.45814876873603,60.0,Better,Similar
521,London region,Westminster,Counties & UAs (from Apr 2021),Persons,,2019 - 21,7.3886616061657,51.0,Better,Similar
522,East of England region,Cambridgeshire,Counties & UAs (from Apr 2021),Persons,,2019 - 21,10.3598621774182,180.0,Similar,Similar
523,North West region,Cumbria,Counties & UAs (from Apr 2021),Persons,,2019 - 21,15.5461997263798,199.0,Worse,Worse
524,East Midlands region,Derbyshire,Counties & UAs (from Apr 2021),Persons,,2019 - 21,11.5117148180362,244.0,Similar,Similar
525,South West region,Devon,Counties & UAs (from Apr 2021),Persons,,2019 - 21,12.4554557998714,263.0,Worse,Similar
526,South East region,East Sussex,Counties & UAs (from Apr 2021),Persons,,2019 - 21,12.1312203793453,179.0,Similar,Similar
527,East of England region,Essex,Counties & UAs (from Apr 2021),Persons,,2019 - 21,10.7418165410644,418.0,Similar,Similar
528,South West region,Gloucestershire,Counties & UAs (from Apr 2021),Persons,,2019 - 21,11.3058921817527,192.0,Similar,Similar
529,South East region,Hampshire,Counties & UAs (from Apr 2021),Persons,,2019 - 21,8.93620111214141,321.0,Better,Better
530,East of England region,Hertfordshire,Counties & UAs (from Apr 2021),Persons,,2019 - 21,7.70560999077166,238.0,Better,Better
531,South East region,Kent,Counties & UAs (from Apr 2021),Persons,,2019 - 21,11.6548788588421,479.0,Worse,Similar
532,North West region,Lancashire,Counties & UAs (from Apr 2021),Persons,,2019 - 21,13.4818001108043,425.0,Worse,Worse
533,East Midlands region,Leicestershire,Counties & UAs (from Apr 2021),Persons,,2019 - 21,8.69072810649886,164.0,Better,Better
534,East Midlands region,Lincolnshire,Counties & UAs (from Apr 2021),Persons,,2019 - 21,12.1011017946644,242.0,Worse,Worse
535,East of England region,Norfolk,Counties & UAs (from Apr 2021),Persons,,2019 - 21,10.580014334293,256.0,Similar,Similar
536,Yorkshire and the Humber region,North Yorkshire,Counties & UAs (from Apr 2021),Persons,,2019 - 21,11.3438800849216,183.0,Similar,Similar
537,East Midlands region,Nottinghamshire,Counties & UAs (from Apr 2021),Persons,,2019 - 21,10.2888737964297,226.0,Similar,Similar
538,South East region,Oxfordshire,Counties & UAs (from Apr 2021),Persons,,2019 - 21,10.0324773658941,181.0,Similar,Similar
539,South West region,Somerset,Counties & UAs (from Apr 2021),Persons,,2019 - 21,15.0541649382869,219.0,Worse,Worse
540,West Midlands region,Staffordshire,Counties & UAs (from Apr 2021),Persons,,2019 - 21,11.910168602373,277.0,Worse,Similar
541,East of England region,Suffolk,Counties & UAs (from Apr 2021),Persons,,2019 - 21,10.3875050709301,208.0,Similar,Similar
542,South East region,Surrey,Counties & UAs (from Apr 2021),Persons,,2019 - 21,10.0968174654603,316.0,Similar,Similar
543,West Midlands region,Warwickshire,Counties & UAs (from Apr 2021),Persons,,2019 - 21,11.2150520169177,172.0,Similar,Similar
544,South East region,West Sussex,Counties & UAs (from Apr 2021),Persons,,2019 - 21,11.5333120198493,265.0,Similar,Similar
545,West Midlands region,Worcestershire,Counties & UAs (from Apr 2021),Persons,,2019 - 21,12.0157921156481,186.0,Similar,Similar
