Parent Name,Area Name,Area Type,Sex,Category,Time period,Value,Count,Compared to England value or percentiles,Compared to Region value or percentiles
,England,England,Male,,2017 - 19,15.5,11145.0,Not compared,Not compared
,England,England,Male,Most deprived decile (IMD2019),2017 - 19,16.2330480969789,1055.0,Similar,Not compared
,England,England,Male,Second most deprived decile (IMD2019),2017 - 19,16.6814347866248,735.0,Similar,Not compared
,England,England,Male,Third more deprived decile (IMD2019),2017 - 19,15.6983460721527,979.0,Similar,Not compared
,England,England,Male,Fourth more deprived decile (IMD2019),2017 - 19,15.4851312014221,896.0,Similar,Not compared
,England,England,Male,Fifth more deprived decile (IMD2019),2017 - 19,16.3685166072992,1100.0,Similar,Not compared
,England,England,Male,Fifth less deprived decile (IMD2019),2017 - 19,16.5822702043925,1149.0,Worse,Not compared
,England,England,Male,Fourth less deprived decile (IMD2019),2017 - 19,15.4545808334412,1555.0,Similar,Not compared
,England,England,Male,Third less deprived decile (IMD2019),2017 - 19,16.113469456679,1415.0,Similar,Not compared
,England,England,Male,Second least deprived decile (IMD2019),2017 - 19,14.1893190360195,1493.0,Better,Not compared
,England,England,Male,Least deprived decile (IMD2019),2017 - 19,13.6481769016906,768.0,Better,Not compared
,England,England,Male,Most deprived decile (IMD2019),2017 - 19,16.161089922075,1617.0,Similar,Not compared
,England,England,Male,Second most deprived decile (IMD2019),2017 - 19,17.059677348351,1802.0,Worse,Not compared
,England,England,Male,Third more deprived decile (IMD2019),2017 - 19,15.2927051919638,1363.0,Similar,Not compared
,England,England,Male,Fourth more deprived decile (IMD2019),2017 - 19,17.706175065394,1181.0,Worse,Not compared
,England,England,Male,Fifth more deprived decile (IMD2019),2017 - 19,15.6183967122576,960.0,Similar,Not compared
,England,England,Male,Fifth less deprived decile (IMD2019),2017 - 19,15.5275322505231,1098.0,Similar,Not compared
,England,England,Male,Fourth less deprived decile (IMD2019),2017 - 19,14.3515784277131,881.0,Better,Not compared
,England,England,Male,Third less deprived decile (IMD2019),2017 - 19,13.3621723360157,765.0,Better,Not compared
,England,England,Male,Second least deprived decile (IMD2019),2017 - 19,14.971283351828,746.0,Similar,Not compared
,England,England,Male,Least deprived decile (IMD2019),2017 - 19,13.6463084550682,732.0,Better,Not compared
,England,England,Female,,2017 - 19,4.9,3643.0,Not compared,Not compared
,England,England,Female,Most deprived decile (IMD2019),2017 - 19,4.73600401846299,316.0,Similar,Not compared
,England,England,Female,Second most deprived decile (IMD2019),2017 - 19,3.96917383625462,183.0,Better,Not compared
,England,England,Female,Third more deprived decile (IMD2019),2017 - 19,5.47732296998323,345.0,Similar,Not compared
,England,England,Female,Fourth more deprived decile (IMD2019),2017 - 19,4.95565781794323,299.0,Similar,Not compared
,England,England,Female,Fifth more deprived decile (IMD2019),2017 - 19,4.8214905396394,335.0,Similar,Not compared
,England,England,Female,Fifth less deprived decile (IMD2019),2017 - 19,5.41786552054249,387.0,Similar,Not compared
,England,England,Female,Fourth less deprived decile (IMD2019),2017 - 19,5.04507174829682,530.0,Similar,Not compared
,England,England,Female,Third less deprived decile (IMD2019),2017 - 19,5.2567878410278,487.0,Similar,Not compared
,England,England,Female,Second least deprived decile (IMD2019),2017 - 19,4.63496416095424,516.0,Similar,Not compared
,England,England,Female,Least deprived decile (IMD2019),2017 - 19,4.13827428085671,245.0,Better,Not compared
,England,England,Female,Most deprived decile (IMD2019),2017 - 19,4.3971119611524,459.0,Better,Not compared
,England,England,Female,Second most deprived decile (IMD2019),2017 - 19,5.53218844058796,592.0,Worse,Not compared
,England,England,Female,Third more deprived decile (IMD2019),2017 - 19,4.81111449720369,445.0,Similar,Not compared
,England,England,Female,Fourth more deprived decile (IMD2019),2017 - 19,5.18546658366432,361.0,Similar,Not compared
,England,England,Female,Fifth more deprived decile (IMD2019),2017 - 19,5.19859433481492,328.0,Similar,Not compared
,England,England,Female,Fifth less deprived decile (IMD2019),2017 - 19,5.16016016098478,382.0,Similar,Not compared
,England,England,Female,Fourth less deprived decile (IMD2019),2017 - 19,4.8855134761952,319.0,Similar,Not compared
,England,England,Female,Third less deprived decile (IMD2019),2017 - 19,4.41508140987466,268.0,Similar,Not compared
,England,England,Female,Second least deprived decile (IMD2019),2017 - 19,4.55611408823108,240.0,Similar,Not compared
,England,England,Female,Least deprived decile (IMD2019),2017 - 19,4.46498002783929,249.0,Similar,Not compared
,England,England,Persons,,2017 - 19,10.1,14788.0,Not compared,Not compared
,England,England,Persons,Most deprived decile (IMD2019),2017 - 19,10.3892424517331,1371.0,Similar,Not compared
,England,England,Persons,Second most deprived decile (IMD2019),2017 - 19,10.1787755089234,918.0,Similar,Not compared
,England,England,Persons,Third more deprived decile (IMD2019),2017 - 19,10.5372590134047,1324.0,Similar,Not compared
,England,England,Persons,Fourth more deprived decile (IMD2019),2017 - 19,10.1433533404861,1195.0,Similar,Not compared
,England,England,Persons,Fifth more deprived decile (IMD2019),2017 - 19,10.4624973269588,1435.0,Similar,Not compared
,England,England,Persons,Fifth less deprived decile (IMD2019),2017 - 19,10.8828988639643,1536.0,Worse,Not compared
,England,England,Persons,Fourth less deprived decile (IMD2019),2017 - 19,10.1317297948477,2085.0,Similar,Not compared
,England,England,Persons,Third less deprived decile (IMD2019),2017 - 19,10.5278179929572,1902.0,Similar,Not compared
,England,England,Persons,Second least deprived decile (IMD2019),2017 - 19,9.29292621027879,2009.0,Better,Not compared
,England,England,Persons,Least deprived decile (IMD2019),2017 - 19,8.78397583547038,1013.0,Better,Not compared
,England,England,Persons,Most deprived decile,2017 - 19,14.0990393392114,1952.0,Worse,Not compared
,England,England,Persons,Second most deprived decile,2017 - 19,11.793167371289,1700.0,Worse,Not compared
,England,England,Persons,Third more deprived decile,2017 - 19,11.3065009166373,1681.0,Worse,Not compared
,England,England,Persons,Fourth more deprived decile,2017 - 19,10.6590382395011,1608.0,Worse,Not compared
,England,England,Persons,Fifth more deprived decile,2017 - 19,10.2123134385048,1532.0,Similar,Not compared
,England,England,Persons,Fifth less deprived decile,2017 - 19,9.58773492971233,1452.0,Better,Not compared
,England,England,Persons,Fourth less deprived decile,2017 - 19,9.0617303977185,1342.0,Better,Not compared
,England,England,Persons,Third less deprived decile,2017 - 19,8.57900245612214,1264.0,Better,Not compared
,England,England,Persons,Second least deprived decile,2017 - 19,8.27483855061045,1201.0,Better,Not compared
,England,England,Persons,Least deprived decile,2017 - 19,7.41697966290255,1056.0,Better,Not compared
,England,England,Persons,Most deprived decile (IMD2019),2017 - 19,10.1541418852298,2076.0,Similar,Not compared
,England,England,Persons,Second most deprived decile (IMD2019),2017 - 19,11.2268864451531,2394.0,Worse,Not compared
,England,England,Persons,Third more deprived decile (IMD2019),2017 - 19,9.94794005781651,1808.0,Similar,Not compared
,England,England,Persons,Fourth more deprived decile (IMD2019),2017 - 19,11.2859714812216,1542.0,Worse,Not compared
,England,England,Persons,Fifth more deprived decile (IMD2019),2017 - 19,10.3190989425999,1288.0,Similar,Not compared
,England,England,Persons,Fifth less deprived decile (IMD2019),2017 - 19,10.2154132477859,1480.0,Similar,Not compared
,England,England,Persons,Fourth less deprived decile (IMD2019),2017 - 19,9.52927162765747,1200.0,Better,Not compared
,England,England,Persons,Third less deprived decile (IMD2019),2017 - 19,8.75549374406809,1033.0,Better,Not compared
,England,England,Persons,Second least deprived decile (IMD2019),2017 - 19,9.61409780400721,986.0,Similar,Not compared
,England,England,Persons,Least deprived decile (IMD2019),2017 - 19,8.93531051638274,981.0,Better,Not compared
England,North East region,Region,Male,,2017 - 19,19.0989642556352,642.0,Worse,Not compared
England,North West region,Region,Male,,2017 - 19,16.6507610853793,1549.0,Worse,Not compared
England,Yorkshire and the Humber region,Region,Male,,2017 - 19,18.3301479043641,1275.0,Worse,Not compared
England,East Midlands region,Region,Male,,2017 - 19,14.6335245243534,899.0,Similar,Not compared
England,West Midlands region,Region,Male,,2017 - 19,15.8418097322949,1180.0,Similar,Not compared
England,East of England region,Region,Male,,2017 - 19,16.0723758870194,1273.0,Similar,Not compared
England,London region,Region,Male,,2017 - 19,12.4037304053603,1359.0,Better,Not compared
England,South East region,Region,Male,,2017 - 19,14.6374130121977,1707.0,Better,Not compared
England,South West region,Region,Male,,2017 - 19,17.619797639652,1261.0,Worse,Not compared
England,North East region,Region,Female,,2017 - 19,4.48436740297131,159.0,Similar,Not compared
England,North West region,Region,Female,,2017 - 19,4.91765386393951,476.0,Similar,Not compared
England,Yorkshire and the Humber region,Region,Female,,2017 - 19,5.87154518289508,424.0,Worse,Not compared
England,East Midlands region,Region,Female,,2017 - 19,4.64984673263495,298.0,Similar,Not compared
England,West Midlands region,Region,Female,,2017 - 19,4.76815525392647,368.0,Similar,Not compared
England,East of England region,Region,Female,,2017 - 19,5.2823289201838,435.0,Similar,Not compared
England,London region,Region,Female,,2017 - 19,4.25760401156743,486.0,Better,Not compared
England,South East region,Region,Female,,2017 - 19,4.820749973796,592.0,Similar,Not compared
England,South West region,Region,Female,,2017 - 19,5.35996889361854,405.0,Similar,Not compared
England,North East region,Region,Persons,,2017 - 19,11.6207436888493,801.0,Worse,Not compared
England,North West region,Region,Persons,,2017 - 19,10.6477950147949,2025.0,Worse,Not compared
England,Yorkshire and the Humber region,Region,Persons,,2017 - 19,11.9667419352042,1699.0,Worse,Not compared
England,East Midlands region,Region,Persons,,2017 - 19,9.51541757604404,1197.0,Better,Not compared
England,West Midlands region,Region,Persons,,2017 - 19,10.19613401674,1548.0,Similar,Not compared
England,East of England region,Region,Persons,,2017 - 19,10.5422892831347,1708.0,Similar,Not compared
England,London region,Region,Persons,,2017 - 19,8.2169070315212,1845.0,Better,Not compared
England,South East region,Region,Persons,,2017 - 19,9.61788563446985,2299.0,Better,Not compared
England,South West region,Region,Persons,,2017 - 19,11.3474305948627,1666.0,Worse,Not compared
North East region,Hartlepool,Counties & UAs (from Apr 2021),Male,,2017 - 19,19.5452331641516,24.0,Similar,Similar
North East region,Middlesbrough,Counties & UAs (from Apr 2021),Male,,2017 - 19,24.0556605730339,40.0,Worse,Similar
North East region,Redcar and Cleveland,Counties & UAs (from Apr 2021),Male,,2017 - 19,21.391856719266,36.0,Similar,Similar
North East region,Stockton-on-Tees,Counties & UAs (from Apr 2021),Male,,2017 - 19,14.6501083151601,37.0,Similar,Similar
North East region,Darlington,Counties & UAs (from Apr 2021),Male,,2017 - 19,22.1381582668824,30.0,Similar,Similar
North West region,Halton,Counties & UAs (from Apr 2021),Male,,2017 - 19,19.3244991804895,31.0,Similar,Similar
North West region,Warrington,Counties & UAs (from Apr 2021),Male,,2017 - 19,15.855088843811,45.0,Similar,Similar
North West region,Blackburn with Darwen,Counties & UAs (from Apr 2021),Male,,2017 - 19,10.7377202796796,21.0,Similar,Better
North West region,Blackpool,Counties & UAs (from Apr 2021),Male,,2017 - 19,25.638761864884,46.0,Worse,Worse
Yorkshire and the Humber region,Kingston upon Hull,Counties & UAs (from Apr 2021),Male,,2017 - 19,22.2996362965789,72.0,Worse,Similar
Yorkshire and the Humber region,East Riding of Yorkshire,Counties & UAs (from Apr 2021),Male,,2017 - 19,20.598417092461,89.0,Worse,Similar
Yorkshire and the Humber region,North East Lincolnshire,Counties & UAs (from Apr 2021),Male,,2017 - 19,18.4425909730409,37.0,Similar,Similar
Yorkshire and the Humber region,North Lincolnshire,Counties & UAs (from Apr 2021),Male,,2017 - 19,16.6059557645227,37.0,Similar,Similar
Yorkshire and the Humber region,York,Counties & UAs (from Apr 2021),Male,,2017 - 19,18.1862507763771,46.0,Similar,Similar
East Midlands region,Derby,Counties & UAs (from Apr 2021),Male,,2017 - 19,12.823279186766,41.0,Similar,Similar
East Midlands region,Leicester,Counties & UAs (from Apr 2021),Male,,2017 - 19,13.1744787051505,57.0,Similar,Similar
East Midlands region,Rutland,Counties & UAs (from Apr 2021),Male,,2017 - 19,,6.0,Not compared,Not compared
East Midlands region,Nottingham,Counties & UAs (from Apr 2021),Male,,2017 - 19,19.5667444668665,77.0,Similar,Worse
West Midlands region,Herefordshire,Counties & UAs (from Apr 2021),Male,,2017 - 19,17.514232523251,44.0,Similar,Similar
West Midlands region,Telford and Wrekin,Counties & UAs (from Apr 2021),Male,,2017 - 19,15.8318680718944,36.0,Similar,Similar
West Midlands region,Stoke-on-Trent,Counties & UAs (from Apr 2021),Male,,2017 - 19,20.6034635095168,66.0,Worse,Worse
South West region,Bath and North East Somerset,Counties & UAs (from Apr 2021),Male,,2017 - 19,17.7494380879512,42.0,Similar,Similar
South West region,Bristol,Counties & UAs (from Apr 2021),Male,,2017 - 19,18.1240969028344,106.0,Similar,Similar
South West region,North Somerset,Counties & UAs (from Apr 2021),Male,,2017 - 19,16.5139126986898,45.0,Similar,Similar
South West region,South Gloucestershire,Counties & UAs (from Apr 2021),Male,,2017 - 19,14.9741673591326,54.0,Similar,Similar
South West region,Plymouth,Counties & UAs (from Apr 2021),Male,,2017 - 19,17.8513934647967,63.0,Similar,Similar
South West region,Torbay,Counties & UAs (from Apr 2021),Male,,2017 - 19,27.2608342029198,45.0,Worse,Worse
South West region,Swindon,Counties & UAs (from Apr 2021),Male,,2017 - 19,11.1766658455985,33.0,Similar,Better
East of England region,Peterborough,Counties & UAs (from Apr 2021),Male,,2017 - 19,18.6347398164343,47.0,Similar,Similar
East of England region,Luton,Counties & UAs (from Apr 2021),Male,,2017 - 19,10.913461384891,27.0,Similar,Similar
East of England region,Southend-on-Sea,Counties & UAs (from Apr 2021),Male,,2017 - 19,20.7774579987186,48.0,Similar,Similar
East of England region,Thurrock,Counties & UAs (from Apr 2021),Male,,2017 - 19,7.81644986989383,18.0,Better,Better
South East region,Medway,Counties & UAs (from Apr 2021),Male,,2017 - 19,14.6258806253676,49.0,Similar,Similar
South East region,Bracknell Forest,Counties & UAs (from Apr 2021),Male,,2017 - 19,16.5630748841015,24.0,Similar,Similar
South East region,West Berkshire,Counties & UAs (from Apr 2021),Male,,2017 - 19,15.8259483165233,32.0,Similar,Similar
South East region,Reading,Counties & UAs (from Apr 2021),Male,,2017 - 19,13.832679261559,28.0,Similar,Similar
South East region,Slough,Counties & UAs (from Apr 2021),Male,,2017 - 19,16.0155167747261,28.0,Similar,Similar
South East region,Windsor and Maidenhead,Counties & UAs (from Apr 2021),Male,,2017 - 19,11.1081983263819,22.0,Similar,Similar
South East region,Wokingham,Counties & UAs (from Apr 2021),Male,,2017 - 19,11.0650867012113,23.0,Similar,Similar
South East region,Milton Keynes,Counties & UAs (from Apr 2021),Male,,2017 - 19,15.0677595260177,52.0,Similar,Similar
South East region,Brighton and Hove,Counties & UAs (from Apr 2021),Male,,2017 - 19,20.87797098489,79.0,Worse,Worse
South East region,Portsmouth,Counties & UAs (from Apr 2021),Male,,2017 - 19,17.9321673490678,46.0,Similar,Similar
South East region,Southampton,Counties & UAs (from Apr 2021),Male,,2017 - 19,16.3335459925656,55.0,Similar,Similar
South East region,Isle of Wight,Counties & UAs (from Apr 2021),Male,,2017 - 19,16.8513140111975,30.0,Similar,Similar
North East region,County Durham,Counties & UAs (from Apr 2021),Male,,2017 - 19,20.5970064934726,138.0,Worse,Similar
North West region,Cheshire East,Counties & UAs (from Apr 2021),Male,,2017 - 19,16.970399975522,81.0,Similar,Similar
North West region,Cheshire West and Chester,Counties & UAs (from Apr 2021),Male,,2017 - 19,12.920078390022,56.0,Similar,Similar
West Midlands region,Shropshire,Counties & UAs (from Apr 2021),Male,,2017 - 19,14.4231743245209,59.0,Similar,Similar
South West region,Cornwall,Counties & UAs (from Apr 2021),Male,,2017 - 19,20.1199770367263,142.0,Worse,Similar
South West region,Isles of Scilly,Counties & UAs (from Apr 2021),Male,,2017 - 19,,,Not compared,Not compared
South West region,Wiltshire,Counties & UAs (from Apr 2021),Male,,2017 - 19,13.3677482947239,85.0,Similar,Better
East of England region,Bedford,Counties & UAs (from Apr 2021),Male,,2017 - 19,18.4157877893961,40.0,Similar,Similar
East of England region,Central Bedfordshire,Counties & UAs (from Apr 2021),Male,,2017 - 19,12.5921515427199,46.0,Similar,Similar
North East region,Northumberland,Counties & UAs (from Apr 2021),Male,,2017 - 19,22.1726164460612,85.0,Worse,Similar
South West region,"Bournemouth, Christchurch and Poole",Counties & UAs (from Apr 2021),Male,,2017 - 19,18.2547853305892,96.0,Similar,Similar
South West region,Dorset,Counties & UAs (from Apr 2021),Male,,2017 - 19,20.1089741191551,95.0,Worse,Similar
South East region,Buckinghamshire UA,Counties & UAs (from Apr 2021),Male,,2017 - 19,12.5618077553418,86.0,Similar,Similar
North West region,Bolton,Counties & UAs (from Apr 2021),Male,,2017 - 19,18.0811612371506,65.0,Similar,Similar
North West region,Bury,Counties & UAs (from Apr 2021),Male,,2017 - 19,14.3485937938962,34.0,Similar,Similar
North West region,Manchester,Counties & UAs (from Apr 2021),Male,,2017 - 19,13.842241135593,91.0,Similar,Similar
North West region,Oldham,Counties & UAs (from Apr 2021),Male,,2017 - 19,12.4888465031373,36.0,Similar,Similar
North West region,Rochdale,Counties & UAs (from Apr 2021),Male,,2017 - 19,15.7212761495028,41.0,Similar,Similar
North West region,Salford,Counties & UAs (from Apr 2021),Male,,2017 - 19,18.9257100881944,63.0,Similar,Similar
North West region,Stockport,Counties & UAs (from Apr 2021),Male,,2017 - 19,13.7497854143779,51.0,Similar,Similar
North West region,Tameside,Counties & UAs (from Apr 2021),Male,,2017 - 19,15.3947116678071,44.0,Similar,Similar
North West region,Trafford,Counties & UAs (from Apr 2021),Male,,2017 - 19,12.6180313404095,37.0,Similar,Similar
North West region,Wigan,Counties & UAs (from Apr 2021),Male,,2017 - 19,19.73402583275,84.0,Worse,Similar
North West region,Knowsley,Counties & UAs (from Apr 2021),Male,,2017 - 19,18.2614910470226,33.0,Similar,Similar
North West region,Liverpool,Counties & UAs (from Apr 2021),Male,,2017 - 19,15.4493468254461,99.0,Similar,Similar
North West region,St. Helens,Counties & UAs (from Apr 2021),Male,,2017 - 19,24.1494503368286,53.0,Worse,Worse
North West region,Sefton,Counties & UAs (from Apr 2021),Male,,2017 - 19,16.448386534783,56.0,Similar,Similar
North West region,Wirral,Counties & UAs (from Apr 2021),Male,,2017 - 19,14.8234591852407,59.0,Similar,Similar
Yorkshire and the Humber region,Barnsley,Counties & UAs (from Apr 2021),Male,,2017 - 19,17.3831232606338,56.0,Similar,Similar
Yorkshire and the Humber region,Doncaster,Counties & UAs (from Apr 2021),Male,,2017 - 19,20.4873249927389,82.0,Worse,Similar
Yorkshire and the Humber region,Rotherham,Counties & UAs (from Apr 2021),Male,,2017 - 19,22.3091763434405,71.0,Worse,Similar
Yorkshire and the Humber region,Sheffield,Counties & UAs (from Apr 2021),Male,,2017 - 19,15.1729047156846,111.0,Similar,Better
North East region,Newcastle upon Tyne,Counties & UAs (from Apr 2021),Male,,2017 - 19,17.0895601672561,65.0,Similar,Similar
North East region,North Tyneside,Counties & UAs (from Apr 2021),Male,,2017 - 19,19.6311227682855,52.0,Similar,Similar
North East region,South Tyneside,Counties & UAs (from Apr 2021),Male,,2017 - 19,16.6156822538873,31.0,Similar,Similar
North East region,Sunderland,Counties & UAs (from Apr 2021),Male,,2017 - 19,21.3249191534794,76.0,Worse,Similar
West Midlands region,Birmingham,Counties & UAs (from Apr 2021),Male,,2017 - 19,13.1933019090305,176.0,Better,Better
West Midlands region,Coventry,Counties & UAs (from Apr 2021),Male,,2017 - 19,16.187797447201,76.0,Similar,Similar
West Midlands region,Dudley,Counties & UAs (from Apr 2021),Male,,2017 - 19,15.7170148087415,63.0,Similar,Similar
West Midlands region,Sandwell,Counties & UAs (from Apr 2021),Male,,2017 - 19,17.5643870673718,71.0,Similar,Similar
West Midlands region,Solihull,Counties & UAs (from Apr 2021),Male,,2017 - 19,20.8136018094959,56.0,Worse,Similar
West Midlands region,Walsall,Counties & UAs (from Apr 2021),Male,,2017 - 19,14.566476272858,52.0,Similar,Similar
West Midlands region,Wolverhampton,Counties & UAs (from Apr 2021),Male,,2017 - 19,15.4575459492679,50.0,Similar,Similar
Yorkshire and the Humber region,Bradford,Counties & UAs (from Apr 2021),Male,,2017 - 19,15.6159195632193,99.0,Similar,Similar
Yorkshire and the Humber region,Calderdale,Counties & UAs (from Apr 2021),Male,,2017 - 19,21.3849185073532,57.0,Worse,Similar
Yorkshire and the Humber region,Kirklees,Counties & UAs (from Apr 2021),Male,,2017 - 19,17.5493047016562,97.0,Similar,Similar
Yorkshire and the Humber region,Leeds,Counties & UAs (from Apr 2021),Male,,2017 - 19,19.1627322303342,194.0,Worse,Similar
Yorkshire and the Humber region,Wakefield,Counties & UAs (from Apr 2021),Male,,2017 - 19,18.860507631255,82.0,Similar,Similar
North East region,Gateshead,Counties & UAs (from Apr 2021),Male,,2017 - 19,10.9575996789494,28.0,Similar,Better
London region,City of London,Counties & UAs (from Apr 2021),Male,,2017 - 19,,2.0,Not compared,Not compared
London region,Barking and Dagenham,Counties & UAs (from Apr 2021),Male,,2017 - 19,10.7856747268564,26.0,Similar,Similar
London region,Barnet,Counties & UAs (from Apr 2021),Male,,2017 - 19,9.70120485980069,48.0,Better,Similar
London region,Bexley,Counties & UAs (from Apr 2021),Male,,2017 - 19,14.2445452041776,44.0,Similar,Similar
London region,Brent,Counties & UAs (from Apr 2021),Male,,2017 - 19,11.75475977854,50.0,Similar,Similar
London region,Bromley,Counties & UAs (from Apr 2021),Male,,2017 - 19,11.3711921422921,47.0,Better,Similar
London region,Camden,Counties & UAs (from Apr 2021),Male,,2017 - 19,17.3668960778321,48.0,Similar,Worse
London region,Croydon,Counties & UAs (from Apr 2021),Male,,2017 - 19,15.8034685299931,74.0,Similar,Similar
London region,Ealing,Counties & UAs (from Apr 2021),Male,,2017 - 19,14.2866343420953,62.0,Similar,Similar
London region,Enfield,Counties & UAs (from Apr 2021),Male,,2017 - 19,7.94242294681423,32.0,Better,Better
London region,Greenwich,Counties & UAs (from Apr 2021),Male,,2017 - 19,13.216421457701,44.0,Similar,Similar
London region,Hackney,Counties & UAs (from Apr 2021),Male,,2017 - 19,12.9772328911174,39.0,Similar,Similar
London region,Hammersmith and Fulham,Counties & UAs (from Apr 2021),Male,,2017 - 19,15.0412706643567,35.0,Similar,Similar
London region,Haringey,Counties & UAs (from Apr 2021),Male,,2017 - 19,13.9609042592951,46.0,Similar,Similar
London region,Harrow,Counties & UAs (from Apr 2021),Male,,2017 - 19,5.79948012662149,20.0,Better,Better
London region,Havering,Counties & UAs (from Apr 2021),Male,,2017 - 19,10.5379220680367,32.0,Better,Similar
London region,Hillingdon,Counties & UAs (from Apr 2021),Male,,2017 - 19,14.7775665953225,58.0,Similar,Similar
London region,Hounslow,Counties & UAs (from Apr 2021),Male,,2017 - 19,15.7538284862555,53.0,Similar,Similar
London region,Islington,Counties & UAs (from Apr 2021),Male,,2017 - 19,15.0478645674842,37.0,Similar,Similar
London region,Kensington and Chelsea,Counties & UAs (from Apr 2021),Male,,2017 - 19,13.2458727853746,27.0,Similar,Similar
London region,Kingston upon Thames,Counties & UAs (from Apr 2021),Male,,2017 - 19,14.0864518660671,31.0,Similar,Similar
London region,Lambeth,Counties & UAs (from Apr 2021),Male,,2017 - 19,11.0546664628577,43.0,Better,Similar
London region,Lewisham,Counties & UAs (from Apr 2021),Male,,2017 - 19,15.5129345241482,53.0,Similar,Similar
London region,Merton,Counties & UAs (from Apr 2021),Male,,2017 - 19,11.1335033064048,28.0,Similar,Similar
London region,Newham,Counties & UAs (from Apr 2021),Male,,2017 - 19,8.49099475997116,41.0,Better,Better
London region,Redbridge,Counties & UAs (from Apr 2021),Male,,2017 - 19,11.3956529341676,40.0,Similar,Similar
London region,Richmond upon Thames,Counties & UAs (from Apr 2021),Male,,2017 - 19,15.0922494610708,36.0,Similar,Similar
London region,Southwark,Counties & UAs (from Apr 2021),Male,,2017 - 19,12.5048549670636,47.0,Similar,Similar
London region,Sutton,Counties & UAs (from Apr 2021),Male,,2017 - 19,14.8696382588369,37.0,Similar,Similar
London region,Tower Hamlets,Counties & UAs (from Apr 2021),Male,,2017 - 19,11.9124520775623,51.0,Similar,Similar
London region,Waltham Forest,Counties & UAs (from Apr 2021),Male,,2017 - 19,14.2811773007533,48.0,Similar,Similar
London region,Wandsworth,Counties & UAs (from Apr 2021),Male,,2017 - 19,14.5309603539037,52.0,Similar,Similar
London region,Westminster,Counties & UAs (from Apr 2021),Male,,2017 - 19,8.18561120497709,28.0,Better,Better
East of England region,Cambridgeshire,Counties & UAs (from Apr 2021),Male,,2017 - 19,15.1195946818309,129.0,Similar,Similar
North West region,Cumbria,Counties & UAs (from Apr 2021),Male,,2017 - 19,18.9714405914586,121.0,Worse,Similar
East Midlands region,Derbyshire,Counties & UAs (from Apr 2021),Male,,2017 - 19,13.6268388633125,141.0,Similar,Similar
South West region,Devon,Counties & UAs (from Apr 2021),Male,,2017 - 19,18.6419930957698,188.0,Worse,Similar
South East region,East Sussex,Counties & UAs (from Apr 2021),Male,,2017 - 19,19.7223608899263,136.0,Worse,Worse
East of England region,Essex,Counties & UAs (from Apr 2021),Male,,2017 - 19,19.3716389348661,364.0,Worse,Worse
South West region,Gloucestershire,Counties & UAs (from Apr 2021),Male,,2017 - 19,15.4793276848996,126.0,Similar,Similar
South East region,Hampshire,Counties & UAs (from Apr 2021),Male,,2017 - 19,13.4397094852752,234.0,Better,Similar
East of England region,Hertfordshire,Counties & UAs (from Apr 2021),Male,,2017 - 19,13.9695248674109,208.0,Similar,Better
South East region,Kent,Counties & UAs (from Apr 2021),Male,,2017 - 19,15.6430688853938,308.0,Similar,Similar
North West region,Lancashire,Counties & UAs (from Apr 2021),Male,,2017 - 19,19.617346964396,302.0,Worse,Worse
East Midlands region,Leicestershire,Counties & UAs (from Apr 2021),Male,,2017 - 19,11.8171099184742,107.0,Better,Better
East Midlands region,Lincolnshire,Counties & UAs (from Apr 2021),Male,,2017 - 19,17.6320353212811,171.0,Similar,Worse
East of England region,Norfolk,Counties & UAs (from Apr 2021),Male,,2017 - 19,17.8557469190103,208.0,Similar,Similar
Yorkshire and the Humber region,North Yorkshire,Counties & UAs (from Apr 2021),Male,,2017 - 19,18.6851640964637,145.0,Worse,Similar
East Midlands region,Nottinghamshire,Counties & UAs (from Apr 2021),Male,,2017 - 19,13.5158067124303,144.0,Similar,Similar
South East region,Oxfordshire,Counties & UAs (from Apr 2021),Male,,2017 - 19,14.9113714187181,133.0,Similar,Similar
South West region,Somerset,Counties & UAs (from Apr 2021),Male,,2017 - 19,20.7537769850393,141.0,Worse,Similar
West Midlands region,Staffordshire,Counties & UAs (from Apr 2021),Male,,2017 - 19,17.011503804686,195.0,Similar,Similar
East of England region,Suffolk,Counties & UAs (from Apr 2021),Male,,2017 - 19,14.2071157266694,138.0,Similar,Similar
South East region,Surrey,Counties & UAs (from Apr 2021),Male,,2017 - 19,12.3105184911332,187.0,Better,Better
West Midlands region,Warwickshire,Counties & UAs (from Apr 2021),Male,,2017 - 19,14.7626358639533,108.0,Similar,Similar
South East region,West Sussex,Counties & UAs (from Apr 2021),Male,,2017 - 19,14.3668974403818,155.0,Similar,Similar
West Midlands region,Worcestershire,Counties & UAs (from Apr 2021),Male,,2017 - 19,16.8296245029719,128.0,Similar,Similar
North East region,Hartlepool,Counties & UAs (from Apr 2021),Female,,2017 - 19,,2.0,Not compared,Not compared
North East region,Middlesbrough,Counties & UAs (from Apr 2021),Female,,2017 - 19,,9.0,Not compared,Not compared
North East region,Redcar and Cleveland,Counties & UAs (from Apr 2021),Female,,2017 - 19,6.32734205845197,11.0,Similar,Similar
North East region,Stockton-on-Tees,Counties & UAs (from Apr 2021),Female,,2017 - 19,,8.0,Not compared,Not compared
North East region,Darlington,Counties & UAs (from Apr 2021),Female,,2017 - 19,,8.0,Not compared,Not compared
North West region,Halton,Counties & UAs (from Apr 2021),Female,,2017 - 19,,8.0,Not compared,Not compared
North West region,Warrington,Counties & UAs (from Apr 2021),Female,,2017 - 19,4.12028611502448,11.0,Similar,Similar
North West region,Blackburn with Darwen,Counties & UAs (from Apr 2021),Female,,2017 - 19,5.91166430171709,12.0,Similar,Similar
North West region,Blackpool,Counties & UAs (from Apr 2021),Female,,2017 - 19,6.36838266646642,12.0,Similar,Similar
Yorkshire and the Humber region,Kingston upon Hull,Counties & UAs (from Apr 2021),Female,,2017 - 19,7.39640953611209,25.0,Similar,Similar
Yorkshire and the Humber region,East Riding of Yorkshire,Counties & UAs (from Apr 2021),Female,,2017 - 19,5.59991533341604,26.0,Similar,Similar
Yorkshire and the Humber region,North East Lincolnshire,Counties & UAs (from Apr 2021),Female,,2017 - 19,,9.0,Not compared,Not compared
Yorkshire and the Humber region,North Lincolnshire,Counties & UAs (from Apr 2021),Female,,2017 - 19,7.09819043824709,16.0,Similar,Similar
Yorkshire and the Humber region,York,Counties & UAs (from Apr 2021),Female,,2017 - 19,5.6374322335857,15.0,Similar,Similar
East Midlands region,Derby,Counties & UAs (from Apr 2021),Female,,2017 - 19,3.4541864687954,12.0,Similar,Similar
East Midlands region,Leicester,Counties & UAs (from Apr 2021),Female,,2017 - 19,3.18817682020799,14.0,Similar,Similar
East Midlands region,Rutland,Counties & UAs (from Apr 2021),Female,,2017 - 19,,1.0,Not compared,Not compared
East Midlands region,Nottingham,Counties & UAs (from Apr 2021),Female,,2017 - 19,5.60383576515876,22.0,Similar,Similar
West Midlands region,Herefordshire,Counties & UAs (from Apr 2021),Female,,2017 - 19,,9.0,Not compared,Not compared
West Midlands region,Telford and Wrekin,Counties & UAs (from Apr 2021),Female,,2017 - 19,4.73714222764837,11.0,Similar,Similar
West Midlands region,Stoke-on-Trent,Counties & UAs (from Apr 2021),Female,,2017 - 19,4.43831247882757,14.0,Similar,Similar
South West region,Bath and North East Somerset,Counties & UAs (from Apr 2021),Female,,2017 - 19,,9.0,Not compared,Not compared
South West region,Bristol,Counties & UAs (from Apr 2021),Female,,2017 - 19,4.65405552069164,32.0,Similar,Similar
South West region,North Somerset,Counties & UAs (from Apr 2021),Female,,2017 - 19,4.90008431672948,13.0,Similar,Similar
South West region,South Gloucestershire,Counties & UAs (from Apr 2021),Female,,2017 - 19,3.45411396964765,13.0,Similar,Similar
South West region,Plymouth,Counties & UAs (from Apr 2021),Female,,2017 - 19,5.66226958922327,21.0,Similar,Similar
South West region,Torbay,Counties & UAs (from Apr 2021),Female,,2017 - 19,11.1304712454062,19.0,Worse,Worse
South West region,Swindon,Counties & UAs (from Apr 2021),Female,,2017 - 19,3.58832959096541,10.0,Similar,Similar
East of England region,Peterborough,Counties & UAs (from Apr 2021),Female,,2017 - 19,6.34134911147354,16.0,Similar,Similar
East of England region,Luton,Counties & UAs (from Apr 2021),Female,,2017 - 19,,8.0,Not compared,Not compared
East of England region,Southend-on-Sea,Counties & UAs (from Apr 2021),Female,,2017 - 19,6.0059090348905,15.0,Similar,Similar
East of England region,Thurrock,Counties & UAs (from Apr 2021),Female,,2017 - 19,,7.0,Not compared,Not compared
South East region,Medway,Counties & UAs (from Apr 2021),Female,,2017 - 19,,9.0,Not compared,Not compared
South East region,Bracknell Forest,Counties & UAs (from Apr 2021),Female,,2017 - 19,,4.0,Not compared,Not compared
South East region,West Berkshire,Counties & UAs (from Apr 2021),Female,,2017 - 19,,8.0,Not compared,Not compared
South East region,Reading,Counties & UAs (from Apr 2021),Female,,2017 - 19,5.53022333987439,10.0,Similar,Similar
South East region,Slough,Counties & UAs (from Apr 2021),Female,,2017 - 19,,3.0,Not compared,Not compared
South East region,Windsor and Maidenhead,Counties & UAs (from Apr 2021),Female,,2017 - 19,5.04634603305056,10.0,Similar,Similar
South East region,Wokingham,Counties & UAs (from Apr 2021),Female,,2017 - 19,,6.0,Not compared,Not compared
South East region,Milton Keynes,Counties & UAs (from Apr 2021),Female,,2017 - 19,3.24173543036502,11.0,Similar,Similar
South East region,Brighton and Hove,Counties & UAs (from Apr 2021),Female,,2017 - 19,7.50268954371864,29.0,Worse,Worse
South East region,Portsmouth,Counties & UAs (from Apr 2021),Female,,2017 - 19,8.45827878035742,22.0,Worse,Worse
South East region,Southampton,Counties & UAs (from Apr 2021),Female,,2017 - 19,5.99217304248825,17.0,Similar,Similar
South East region,Isle of Wight,Counties & UAs (from Apr 2021),Female,,2017 - 19,5.9410980012039,11.0,Similar,Similar
North East region,County Durham,Counties & UAs (from Apr 2021),Female,,2017 - 19,6.58126045320015,47.0,Similar,Worse
North West region,Cheshire East,Counties & UAs (from Apr 2021),Female,,2017 - 19,3.6374410602345,18.0,Similar,Similar
North West region,Cheshire West and Chester,Counties & UAs (from Apr 2021),Female,,2017 - 19,4.37265543324327,21.0,Similar,Similar
West Midlands region,Shropshire,Counties & UAs (from Apr 2021),Female,,2017 - 19,5.61261091409112,25.0,Similar,Similar
South West region,Cornwall,Counties & UAs (from Apr 2021),Female,,2017 - 19,5.9275544082563,45.0,Similar,Similar
South West region,Isles of Scilly,Counties & UAs (from Apr 2021),Female,,2017 - 19,,,Not compared,Not compared
South West region,Wiltshire,Counties & UAs (from Apr 2021),Female,,2017 - 19,2.83935764885309,19.0,Better,Better
East of England region,Bedford,Counties & UAs (from Apr 2021),Female,,2017 - 19,,8.0,Not compared,Not compared
East of England region,Central Bedfordshire,Counties & UAs (from Apr 2021),Female,,2017 - 19,3.45049057681451,13.0,Similar,Similar
North East region,Northumberland,Counties & UAs (from Apr 2021),Female,,2017 - 19,3.88352729334214,16.0,Similar,Similar
South West region,"Bournemouth, Christchurch and Poole",Counties & UAs (from Apr 2021),Female,,2017 - 19,8.30685249781671,42.0,Worse,Worse
South West region,Dorset,Counties & UAs (from Apr 2021),Female,,2017 - 19,5.34003998541475,28.0,Similar,Similar
South East region,Buckinghamshire UA,Counties & UAs (from Apr 2021),Female,,2017 - 19,5.96492970176713,43.0,Similar,Similar
North West region,Bolton,Counties & UAs (from Apr 2021),Female,,2017 - 19,4.50902832924334,17.0,Similar,Similar
North West region,Bury,Counties & UAs (from Apr 2021),Female,,2017 - 19,4.63170360260992,11.0,Similar,Similar
North West region,Manchester,Counties & UAs (from Apr 2021),Female,,2017 - 19,4.12625166574379,30.0,Similar,Similar
North West region,Oldham,Counties & UAs (from Apr 2021),Female,,2017 - 19,4.54821195096581,14.0,Similar,Similar
North West region,Rochdale,Counties & UAs (from Apr 2021),Female,,2017 - 19,4.64138321376717,13.0,Similar,Similar
North West region,Salford,Counties & UAs (from Apr 2021),Female,,2017 - 19,8.69688338653668,27.0,Worse,Worse
North West region,Stockport,Counties & UAs (from Apr 2021),Female,,2017 - 19,4.33128740472804,17.0,Similar,Similar
North West region,Tameside,Counties & UAs (from Apr 2021),Female,,2017 - 19,3.62599047884,11.0,Similar,Similar
North West region,Trafford,Counties & UAs (from Apr 2021),Female,,2017 - 19,3.96102938174105,12.0,Similar,Similar
North West region,Wigan,Counties & UAs (from Apr 2021),Female,,2017 - 19,7.34818241989027,32.0,Worse,Worse
North West region,Knowsley,Counties & UAs (from Apr 2021),Female,,2017 - 19,,7.0,Not compared,Not compared
North West region,Liverpool,Counties & UAs (from Apr 2021),Female,,2017 - 19,4.24916889768632,27.0,Similar,Similar
North West region,St. Helens,Counties & UAs (from Apr 2021),Female,,2017 - 19,4.831175760544,12.0,Similar,Similar
North West region,Sefton,Counties & UAs (from Apr 2021),Female,,2017 - 19,4.18632099459564,15.0,Similar,Similar
North West region,Wirral,Counties & UAs (from Apr 2021),Female,,2017 - 19,3.00467155854551,13.0,Similar,Similar
Yorkshire and the Humber region,Barnsley,Counties & UAs (from Apr 2021),Female,,2017 - 19,4.19786467786199,13.0,Similar,Similar
Yorkshire and the Humber region,Doncaster,Counties & UAs (from Apr 2021),Female,,2017 - 19,6.84223956232749,27.0,Similar,Similar
Yorkshire and the Humber region,Rotherham,Counties & UAs (from Apr 2021),Female,,2017 - 19,7.52386439267638,26.0,Worse,Similar
Yorkshire and the Humber region,Sheffield,Counties & UAs (from Apr 2021),Female,,2017 - 19,4.92156188780449,39.0,Similar,Similar
North East region,Newcastle upon Tyne,Counties & UAs (from Apr 2021),Female,,2017 - 19,3.93141557382854,14.0,Similar,Similar
North East region,North Tyneside,Counties & UAs (from Apr 2021),Female,,2017 - 19,6.21127668585608,18.0,Similar,Similar
North East region,South Tyneside,Counties & UAs (from Apr 2021),Female,,2017 - 19,,2.0,Not compared,Not compared
North East region,Sunderland,Counties & UAs (from Apr 2021),Female,,2017 - 19,3.96590567410867,15.0,Similar,Similar
West Midlands region,Birmingham,Counties & UAs (from Apr 2021),Female,,2017 - 19,4.27705346616045,60.0,Similar,Similar
West Midlands region,Coventry,Counties & UAs (from Apr 2021),Female,,2017 - 19,4.95788987453704,23.0,Similar,Similar
West Midlands region,Dudley,Counties & UAs (from Apr 2021),Female,,2017 - 19,5.71221342751202,24.0,Similar,Similar
West Midlands region,Sandwell,Counties & UAs (from Apr 2021),Female,,2017 - 19,4.46221290362824,18.0,Similar,Similar
West Midlands region,Solihull,Counties & UAs (from Apr 2021),Female,,2017 - 19,6.09386015933129,18.0,Similar,Similar
West Midlands region,Walsall,Counties & UAs (from Apr 2021),Female,,2017 - 19,3.61532661459196,13.0,Similar,Similar
West Midlands region,Wolverhampton,Counties & UAs (from Apr 2021),Female,,2017 - 19,3.19916441436249,11.0,Similar,Similar
Yorkshire and the Humber region,Bradford,Counties & UAs (from Apr 2021),Female,,2017 - 19,3.47653392326718,24.0,Similar,Better
Yorkshire and the Humber region,Calderdale,Counties & UAs (from Apr 2021),Female,,2017 - 19,8.49236083709321,24.0,Worse,Similar
Yorkshire and the Humber region,Kirklees,Counties & UAs (from Apr 2021),Female,,2017 - 19,4.3799968233153,25.0,Similar,Similar
Yorkshire and the Humber region,Leeds,Counties & UAs (from Apr 2021),Female,,2017 - 19,6.43916889834976,67.0,Worse,Similar
Yorkshire and the Humber region,Wakefield,Counties & UAs (from Apr 2021),Female,,2017 - 19,8.31598719611273,38.0,Worse,Worse
North East region,Gateshead,Counties & UAs (from Apr 2021),Female,,2017 - 19,,9.0,Not compared,Not compared
London region,City of London,Counties & UAs (from Apr 2021),Female,,2017 - 19,,2.0,Not compared,Not compared
London region,Barking and Dagenham,Counties & UAs (from Apr 2021),Female,,2017 - 19,,6.0,Not compared,Not compared
London region,Barnet,Counties & UAs (from Apr 2021),Female,,2017 - 19,3.80493036792694,18.0,Similar,Similar
London region,Bexley,Counties & UAs (from Apr 2021),Female,,2017 - 19,3.89907863784564,13.0,Similar,Similar
London region,Brent,Counties & UAs (from Apr 2021),Female,,2017 - 19,2.45620722621332,11.0,Better,Similar
London region,Bromley,Counties & UAs (from Apr 2021),Female,,2017 - 19,3.90668471681991,17.0,Similar,Similar
London region,Camden,Counties & UAs (from Apr 2021),Female,,2017 - 19,5.95939739469945,21.0,Similar,Similar
London region,Croydon,Counties & UAs (from Apr 2021),Female,,2017 - 19,3.79763956284595,19.0,Similar,Similar
London region,Ealing,Counties & UAs (from Apr 2021),Female,,2017 - 19,4.03102568764239,16.0,Similar,Similar
London region,Enfield,Counties & UAs (from Apr 2021),Female,,2017 - 19,4.08395185748313,18.0,Similar,Similar
London region,Greenwich,Counties & UAs (from Apr 2021),Female,,2017 - 19,4.50452983076367,15.0,Similar,Similar
London region,Hackney,Counties & UAs (from Apr 2021),Female,,2017 - 19,3.72325749395597,14.0,Similar,Similar
London region,Hammersmith and Fulham,Counties & UAs (from Apr 2021),Female,,2017 - 19,7.04624731062956,15.0,Similar,Similar
London region,Haringey,Counties & UAs (from Apr 2021),Female,,2017 - 19,5.60468191210875,19.0,Similar,Similar
London region,Harrow,Counties & UAs (from Apr 2021),Female,,2017 - 19,3.906821859602,13.0,Similar,Similar
London region,Havering,Counties & UAs (from Apr 2021),Female,,2017 - 19,4.51704333036316,15.0,Similar,Similar
London region,Hillingdon,Counties & UAs (from Apr 2021),Female,,2017 - 19,4.16658643829866,16.0,Similar,Similar
London region,Hounslow,Counties & UAs (from Apr 2021),Female,,2017 - 19,5.45550907851672,18.0,Similar,Similar
London region,Islington,Counties & UAs (from Apr 2021),Female,,2017 - 19,6.14045667734364,17.0,Similar,Similar
London region,Kensington and Chelsea,Counties & UAs (from Apr 2021),Female,,2017 - 19,5.13967829607973,11.0,Similar,Similar
London region,Kingston upon Thames,Counties & UAs (from Apr 2021),Female,,2017 - 19,6.75791659228468,16.0,Similar,Similar
London region,Lambeth,Counties & UAs (from Apr 2021),Female,,2017 - 19,5.47375534698151,20.0,Similar,Similar
London region,Lewisham,Counties & UAs (from Apr 2021),Female,,2017 - 19,3.25088708890335,15.0,Similar,Similar
London region,Merton,Counties & UAs (from Apr 2021),Female,,2017 - 19,3.86066544071022,10.0,Similar,Similar
London region,Newham,Counties & UAs (from Apr 2021),Female,,2017 - 19,4.31374883056524,15.0,Similar,Similar
London region,Redbridge,Counties & UAs (from Apr 2021),Female,,2017 - 19,3.07930893375101,12.0,Similar,Similar
London region,Richmond upon Thames,Counties & UAs (from Apr 2021),Female,,2017 - 19,3.79735225817008,10.0,Similar,Similar
London region,Southwark,Counties & UAs (from Apr 2021),Female,,2017 - 19,5.57697244830542,23.0,Similar,Similar
London region,Sutton,Counties & UAs (from Apr 2021),Female,,2017 - 19,6.57473363722794,17.0,Similar,Similar
London region,Tower Hamlets,Counties & UAs (from Apr 2021),Female,,2017 - 19,5.08330815455262,16.0,Similar,Similar
London region,Waltham Forest,Counties & UAs (from Apr 2021),Female,,2017 - 19,3.31377517284091,11.0,Similar,Similar
London region,Wandsworth,Counties & UAs (from Apr 2021),Female,,2017 - 19,3.59033446395802,14.0,Similar,Similar
London region,Westminster,Counties & UAs (from Apr 2021),Female,,2017 - 19,3.75150574908678,13.0,Similar,Similar
East of England region,Cambridgeshire,Counties & UAs (from Apr 2021),Female,,2017 - 19,5.66731071200636,49.0,Similar,Similar
North West region,Cumbria,Counties & UAs (from Apr 2021),Female,,2017 - 19,5.49049894810018,36.0,Similar,Similar
East Midlands region,Derbyshire,Counties & UAs (from Apr 2021),Female,,2017 - 19,5.38841501520124,58.0,Similar,Similar
South West region,Devon,Counties & UAs (from Apr 2021),Female,,2017 - 19,5.65086437767769,65.0,Similar,Similar
South East region,East Sussex,Counties & UAs (from Apr 2021),Female,,2017 - 19,7.73443196793129,60.0,Worse,Worse
East of England region,Essex,Counties & UAs (from Apr 2021),Female,,2017 - 19,6.97406037641782,137.0,Worse,Worse
South West region,Gloucestershire,Counties & UAs (from Apr 2021),Female,,2017 - 19,5.20145701055331,44.0,Similar,Similar
South East region,Hampshire,Counties & UAs (from Apr 2021),Female,,2017 - 19,4.09942030608827,78.0,Similar,Similar
East of England region,Hertfordshire,Counties & UAs (from Apr 2021),Female,,2017 - 19,4.76530384608302,75.0,Similar,Similar
South East region,Kent,Counties & UAs (from Apr 2021),Female,,2017 - 19,5.38247743254518,113.0,Similar,Similar
North West region,Lancashire,Counties & UAs (from Apr 2021),Female,,2017 - 19,6.13571040098115,100.0,Worse,Worse
East Midlands region,Leicestershire,Counties & UAs (from Apr 2021),Female,,2017 - 19,3.94840043763547,37.0,Similar,Similar
East Midlands region,Lincolnshire,Counties & UAs (from Apr 2021),Female,,2017 - 19,5.17974583258435,53.0,Similar,Similar
East of England region,Norfolk,Counties & UAs (from Apr 2021),Female,,2017 - 19,4.67269017129428,57.0,Similar,Similar
Yorkshire and the Humber region,North Yorkshire,Counties & UAs (from Apr 2021),Female,,2017 - 19,6.07382072176588,50.0,Similar,Similar
East Midlands region,Nottinghamshire,Counties & UAs (from Apr 2021),Female,,2017 - 19,4.94375222303728,55.0,Similar,Similar
South East region,Oxfordshire,Counties & UAs (from Apr 2021),Female,,2017 - 19,3.14084990451173,29.0,Better,Better
South West region,Somerset,Counties & UAs (from Apr 2021),Female,,2017 - 19,5.80245005821066,45.0,Similar,Similar
West Midlands region,Staffordshire,Counties & UAs (from Apr 2021),Female,,2017 - 19,6.1453667286758,71.0,Similar,Worse
East of England region,Suffolk,Counties & UAs (from Apr 2021),Female,,2017 - 19,5.00950125692162,50.0,Similar,Similar
South East region,Surrey,Counties & UAs (from Apr 2021),Female,,2017 - 19,4.22678472691558,68.0,Similar,Similar
West Midlands region,Warwickshire,Counties & UAs (from Apr 2021),Female,,2017 - 19,4.48076688987761,35.0,Similar,Similar
South East region,West Sussex,Counties & UAs (from Apr 2021),Female,,2017 - 19,5.31222578903804,61.0,Similar,Similar
West Midlands region,Worcestershire,Counties & UAs (from Apr 2021),Female,,2017 - 19,4.44020728734874,36.0,Similar,Similar
North East region,Hartlepool,Counties & UAs (from Apr 2021),Persons,,2017 - 19,10.3615298486528,26.0,Similar,Similar
North East region,Middlesbrough,Counties & UAs (from Apr 2021),Persons,,2017 - 19,14.4646797370821,49.0,Worse,Similar
North East region,Redcar and Cleveland,Counties & UAs (from Apr 2021),Persons,,2017 - 19,13.538657854162,47.0,Similar,Similar
North East region,Stockton-on-Tees,Counties & UAs (from Apr 2021),Persons,,2017 - 19,8.6736802699586,45.0,Similar,Better
North East region,Darlington,Counties & UAs (from Apr 2021),Persons,,2017 - 19,13.646432547179,38.0,Similar,Similar
North West region,Halton,Counties & UAs (from Apr 2021),Persons,,2017 - 19,11.7126267724856,39.0,Similar,Similar
North West region,Warrington,Counties & UAs (from Apr 2021),Persons,,2017 - 19,9.93255594093399,56.0,Similar,Similar
North West region,Blackburn with Darwen,Counties & UAs (from Apr 2021),Persons,,2017 - 19,8.34737865913796,33.0,Similar,Similar
North West region,Blackpool,Counties & UAs (from Apr 2021),Persons,,2017 - 19,15.8168986004907,58.0,Worse,Worse
Yorkshire and the Humber region,Kingston upon Hull,Counties & UAs (from Apr 2021),Persons,,2017 - 19,14.7626883843981,97.0,Worse,Similar
Yorkshire and the Humber region,East Riding of Yorkshire,Counties & UAs (from Apr 2021),Persons,,2017 - 19,12.9538401533134,115.0,Worse,Similar
Yorkshire and the Humber region,North East Lincolnshire,Counties & UAs (from Apr 2021),Persons,,2017 - 19,11.2146578802552,46.0,Similar,Similar
Yorkshire and the Humber region,North Lincolnshire,Counties & UAs (from Apr 2021),Persons,,2017 - 19,11.8337249741676,53.0,Similar,Similar
Yorkshire and the Humber region,York,Counties & UAs (from Apr 2021),Persons,,2017 - 19,11.7661197762607,61.0,Similar,Similar
East Midlands region,Derby,Counties & UAs (from Apr 2021),Persons,,2017 - 19,7.95687599351732,53.0,Similar,Similar
East Midlands region,Leicester,Counties & UAs (from Apr 2021),Persons,,2017 - 19,8.05842826404862,71.0,Similar,Similar
East Midlands region,Rutland,Counties & UAs (from Apr 2021),Persons,,2017 - 19,,7.0,Not compared,Not compared
East Midlands region,Nottingham,Counties & UAs (from Apr 2021),Persons,,2017 - 19,12.7050063225687,99.0,Worse,Worse
West Midlands region,Herefordshire,Counties & UAs (from Apr 2021),Persons,,2017 - 19,10.5202129878348,53.0,Similar,Similar
West Midlands region,Telford and Wrekin,Counties & UAs (from Apr 2021),Persons,,2017 - 19,10.2210804737265,47.0,Similar,Similar
West Midlands region,Stoke-on-Trent,Counties & UAs (from Apr 2021),Persons,,2017 - 19,12.4796948944276,80.0,Similar,Similar
South West region,Bath and North East Somerset,Counties & UAs (from Apr 2021),Persons,,2017 - 19,10.397234800585,51.0,Similar,Similar
South West region,Bristol,Counties & UAs (from Apr 2021),Persons,,2017 - 19,11.4110911599488,138.0,Similar,Similar
South West region,North Somerset,Counties & UAs (from Apr 2021),Persons,,2017 - 19,10.5193117494912,58.0,Similar,Similar
South West region,South Gloucestershire,Counties & UAs (from Apr 2021),Persons,,2017 - 19,9.07645590494098,67.0,Similar,Similar
South West region,Plymouth,Counties & UAs (from Apr 2021),Persons,,2017 - 19,11.6739155246097,84.0,Similar,Similar
South West region,Torbay,Counties & UAs (from Apr 2021),Persons,,2017 - 19,18.9579907948131,64.0,Worse,Worse
South West region,Swindon,Counties & UAs (from Apr 2021),Persons,,2017 - 19,7.38976335202299,43.0,Better,Better
East of England region,Peterborough,Counties & UAs (from Apr 2021),Persons,,2017 - 19,12.4236732729605,63.0,Similar,Similar
East of England region,Luton,Counties & UAs (from Apr 2021),Persons,,2017 - 19,6.56331370233465,35.0,Better,Better
East of England region,Southend-on-Sea,Counties & UAs (from Apr 2021),Persons,,2017 - 19,13.1650058937533,63.0,Worse,Similar
East of England region,Thurrock,Counties & UAs (from Apr 2021),Persons,,2017 - 19,5.47795231065215,25.0,Better,Better
South East region,Medway,Counties & UAs (from Apr 2021),Persons,,2017 - 19,8.33927135064086,58.0,Similar,Similar
South East region,Bracknell Forest,Counties & UAs (from Apr 2021),Persons,,2017 - 19,9.10408258264458,28.0,Similar,Similar
South East region,West Berkshire,Counties & UAs (from Apr 2021),Persons,,2017 - 19,9.7179042753368,40.0,Similar,Similar
South East region,Reading,Counties & UAs (from Apr 2021),Persons,,2017 - 19,9.85390735235332,38.0,Similar,Similar
South East region,Slough,Counties & UAs (from Apr 2021),Persons,,2017 - 19,8.8674765937404,31.0,Similar,Similar
South East region,Windsor and Maidenhead,Counties & UAs (from Apr 2021),Persons,,2017 - 19,8.02346147414324,32.0,Similar,Similar
South East region,Wokingham,Counties & UAs (from Apr 2021),Persons,,2017 - 19,6.77927429587632,29.0,Better,Similar
South East region,Milton Keynes,Counties & UAs (from Apr 2021),Persons,,2017 - 19,8.94077179939952,63.0,Similar,Similar
South East region,Brighton and Hove,Counties & UAs (from Apr 2021),Persons,,2017 - 19,14.2517116397984,108.0,Worse,Worse
South East region,Portsmouth,Counties & UAs (from Apr 2021),Persons,,2017 - 19,13.0444713310767,68.0,Similar,Worse
South East region,Southampton,Counties & UAs (from Apr 2021),Persons,,2017 - 19,11.367920853548,72.0,Similar,Similar
South East region,Isle of Wight,Counties & UAs (from Apr 2021),Persons,,2017 - 19,11.1924349738002,41.0,Similar,Similar
North East region,County Durham,Counties & UAs (from Apr 2021),Persons,,2017 - 19,13.4425500406868,185.0,Worse,Similar
North West region,Cheshire East,Counties & UAs (from Apr 2021),Persons,,2017 - 19,10.1788993397398,99.0,Similar,Similar
North West region,Cheshire West and Chester,Counties & UAs (from Apr 2021),Persons,,2017 - 19,8.41016504048488,77.0,Similar,Better
West Midlands region,Shropshire,Counties & UAs (from Apr 2021),Persons,,2017 - 19,9.94311331513638,84.0,Similar,Similar
South West region,Cornwall,Counties & UAs (from Apr 2021),Persons,,2017 - 19,12.708996152887,187.0,Worse,Similar
South West region,Isles of Scilly,Counties & UAs (from Apr 2021),Persons,,2017 - 19,,,Not compared,Not compared
South West region,Wiltshire,Counties & UAs (from Apr 2021),Persons,,2017 - 19,8.07285975556657,104.0,Better,Better
East of England region,Bedford,Counties & UAs (from Apr 2021),Persons,,2017 - 19,10.8535349251951,48.0,Similar,Similar
East of England region,Central Bedfordshire,Counties & UAs (from Apr 2021),Persons,,2017 - 19,7.91629165000486,59.0,Similar,Better
North East region,Northumberland,Counties & UAs (from Apr 2021),Persons,,2017 - 19,12.7838261817046,101.0,Worse,Similar
South West region,"Bournemouth, Christchurch and Poole",Counties & UAs (from Apr 2021),Persons,,2017 - 19,13.210614726546,138.0,Worse,Similar
South West region,Dorset,Counties & UAs (from Apr 2021),Persons,,2017 - 19,12.5498130010037,123.0,Worse,Similar
South East region,Buckinghamshire UA,Counties & UAs (from Apr 2021),Persons,,2017 - 19,9.21048965036134,129.0,Similar,Similar
North West region,Bolton,Counties & UAs (from Apr 2021),Persons,,2017 - 19,11.2009598674128,82.0,Similar,Similar
North West region,Bury,Counties & UAs (from Apr 2021),Persons,,2017 - 19,9.26188170713139,45.0,Similar,Similar
North West region,Manchester,Counties & UAs (from Apr 2021),Persons,,2017 - 19,8.88145035172568,121.0,Similar,Better
North West region,Oldham,Counties & UAs (from Apr 2021),Persons,,2017 - 19,8.53424110059235,50.0,Similar,Similar
North West region,Rochdale,Counties & UAs (from Apr 2021),Persons,,2017 - 19,9.92333627429523,54.0,Similar,Similar
North West region,Salford,Counties & UAs (from Apr 2021),Persons,,2017 - 19,13.7938740196844,90.0,Worse,Worse
North West region,Stockport,Counties & UAs (from Apr 2021),Persons,,2017 - 19,8.80866002695476,68.0,Similar,Similar
North West region,Tameside,Counties & UAs (from Apr 2021),Persons,,2017 - 19,9.42511639180069,55.0,Similar,Similar
North West region,Trafford,Counties & UAs (from Apr 2021),Persons,,2017 - 19,8.10703231222509,49.0,Similar,Similar
North West region,Wigan,Counties & UAs (from Apr 2021),Persons,,2017 - 19,13.5006414792395,116.0,Worse,Worse
North West region,Knowsley,Counties & UAs (from Apr 2021),Persons,,2017 - 19,10.4405535204348,40.0,Similar,Similar
North West region,Liverpool,Counties & UAs (from Apr 2021),Persons,,2017 - 19,9.85169159322624,126.0,Similar,Similar
North West region,St. Helens,Counties & UAs (from Apr 2021),Persons,,2017 - 19,13.944002196846,65.0,Worse,Worse
North West region,Sefton,Counties & UAs (from Apr 2021),Persons,,2017 - 19,10.041998697227,71.0,Similar,Similar
North West region,Wirral,Counties & UAs (from Apr 2021),Persons,,2017 - 19,8.65044781613469,72.0,Similar,Similar
Yorkshire and the Humber region,Barnsley,Counties & UAs (from Apr 2021),Persons,,2017 - 19,10.7234636627438,69.0,Similar,Similar
Yorkshire and the Humber region,Doncaster,Counties & UAs (from Apr 2021),Persons,,2017 - 19,13.6754393654509,109.0,Worse,Similar
Yorkshire and the Humber region,Rotherham,Counties & UAs (from Apr 2021),Persons,,2017 - 19,14.6017378250049,97.0,Worse,Similar
Yorkshire and the Humber region,Sheffield,Counties & UAs (from Apr 2021),Persons,,2017 - 19,10.0070259338284,150.0,Similar,Better
North East region,Newcastle upon Tyne,Counties & UAs (from Apr 2021),Persons,,2017 - 19,10.5339595689208,79.0,Similar,Similar
North East region,North Tyneside,Counties & UAs (from Apr 2021),Persons,,2017 - 19,12.6258092813516,70.0,Similar,Similar
North East region,South Tyneside,Counties & UAs (from Apr 2021),Persons,,2017 - 19,8.42716151778917,33.0,Similar,Similar
North East region,Sunderland,Counties & UAs (from Apr 2021),Persons,,2017 - 19,12.4119314954203,91.0,Similar,Similar
West Midlands region,Birmingham,Counties & UAs (from Apr 2021),Persons,,2017 - 19,8.65882484704827,236.0,Better,Better
West Midlands region,Coventry,Counties & UAs (from Apr 2021),Persons,,2017 - 19,10.5751709235245,99.0,Similar,Similar
West Midlands region,Dudley,Counties & UAs (from Apr 2021),Persons,,2017 - 19,10.5694851075349,87.0,Similar,Similar
West Midlands region,Sandwell,Counties & UAs (from Apr 2021),Persons,,2017 - 19,10.8011183492166,89.0,Similar,Similar
West Midlands region,Solihull,Counties & UAs (from Apr 2021),Persons,,2017 - 19,13.2654902318398,74.0,Worse,Worse
West Midlands region,Walsall,Counties & UAs (from Apr 2021),Persons,,2017 - 19,9.01896225728246,65.0,Similar,Similar
West Midlands region,Wolverhampton,Counties & UAs (from Apr 2021),Persons,,2017 - 19,9.20861788361125,61.0,Similar,Similar
Yorkshire and the Humber region,Bradford,Counties & UAs (from Apr 2021),Persons,,2017 - 19,9.35267631283011,123.0,Similar,Better
Yorkshire and the Humber region,Calderdale,Counties & UAs (from Apr 2021),Persons,,2017 - 19,14.7646955492501,81.0,Worse,Similar
Yorkshire and the Humber region,Kirklees,Counties & UAs (from Apr 2021),Persons,,2017 - 19,10.7670342608538,122.0,Similar,Similar
Yorkshire and the Humber region,Leeds,Counties & UAs (from Apr 2021),Persons,,2017 - 19,12.681133556927,261.0,Worse,Similar
Yorkshire and the Humber region,Wakefield,Counties & UAs (from Apr 2021),Persons,,2017 - 19,13.4637665223075,120.0,Worse,Similar
North East region,Gateshead,Counties & UAs (from Apr 2021),Persons,,2017 - 19,7.18439133348517,37.0,Better,Better
London region,City of London,Counties & UAs (from Apr 2021),Persons,,2017 - 19,,4.0,Not compared,Not compared
London region,Barking and Dagenham,Counties & UAs (from Apr 2021),Persons,,2017 - 19,6.06626537442725,32.0,Better,Similar
London region,Barnet,Counties & UAs (from Apr 2021),Persons,,2017 - 19,6.70762068024313,66.0,Better,Similar
London region,Bexley,Counties & UAs (from Apr 2021),Persons,,2017 - 19,8.924821796318,57.0,Similar,Similar
London region,Brent,Counties & UAs (from Apr 2021),Persons,,2017 - 19,7.0707159808698,61.0,Better,Similar
London region,Bromley,Counties & UAs (from Apr 2021),Persons,,2017 - 19,7.4362944476013,64.0,Better,Similar
London region,Camden,Counties & UAs (from Apr 2021),Persons,,2017 - 19,11.343694151238,69.0,Similar,Worse
London region,Croydon,Counties & UAs (from Apr 2021),Persons,,2017 - 19,9.53511931038284,93.0,Similar,Similar
London region,Ealing,Counties & UAs (from Apr 2021),Persons,,2017 - 19,9.07283521456127,78.0,Similar,Similar
London region,Enfield,Counties & UAs (from Apr 2021),Persons,,2017 - 19,5.88703780583564,50.0,Better,Better
London region,Greenwich,Counties & UAs (from Apr 2021),Persons,,2017 - 19,8.87785582411797,59.0,Similar,Similar
London region,Hackney,Counties & UAs (from Apr 2021),Persons,,2017 - 19,8.22936864286798,53.0,Similar,Similar
London region,Hammersmith and Fulham,Counties & UAs (from Apr 2021),Persons,,2017 - 19,10.9581985026796,50.0,Similar,Similar
London region,Haringey,Counties & UAs (from Apr 2021),Persons,,2017 - 19,9.56381704364164,65.0,Similar,Similar
London region,Harrow,Counties & UAs (from Apr 2021),Persons,,2017 - 19,4.93276591923196,33.0,Better,Better
London region,Havering,Counties & UAs (from Apr 2021),Persons,,2017 - 19,7.18096366544052,47.0,Better,Similar
London region,Hillingdon,Counties & UAs (from Apr 2021),Persons,,2017 - 19,9.49598342018493,74.0,Similar,Similar
London region,Hounslow,Counties & UAs (from Apr 2021),Persons,,2017 - 19,10.564505198884,71.0,Similar,Similar
London region,Islington,Counties & UAs (from Apr 2021),Persons,,2017 - 19,10.41261446181,54.0,Similar,Similar
London region,Kensington and Chelsea,Counties & UAs (from Apr 2021),Persons,,2017 - 19,9.1244964910046,38.0,Similar,Similar
London region,Kingston upon Thames,Counties & UAs (from Apr 2021),Persons,,2017 - 19,10.3418034385336,47.0,Similar,Similar
London region,Lambeth,Counties & UAs (from Apr 2021),Persons,,2017 - 19,8.14076673140918,63.0,Similar,Similar
London region,Lewisham,Counties & UAs (from Apr 2021),Persons,,2017 - 19,8.93003399394367,68.0,Similar,Similar
London region,Merton,Counties & UAs (from Apr 2021),Persons,,2017 - 19,7.31903541985168,38.0,Similar,Similar
London region,Newham,Counties & UAs (from Apr 2021),Persons,,2017 - 19,6.59416021630616,56.0,Better,Similar
London region,Redbridge,Counties & UAs (from Apr 2021),Persons,,2017 - 19,7.13941652874233,52.0,Better,Similar
London region,Richmond upon Thames,Counties & UAs (from Apr 2021),Persons,,2017 - 19,9.2072776394125,46.0,Similar,Similar
London region,Southwark,Counties & UAs (from Apr 2021),Persons,,2017 - 19,8.9197727402763,70.0,Similar,Similar
London region,Sutton,Counties & UAs (from Apr 2021),Persons,,2017 - 19,10.3682562818646,54.0,Similar,Similar
London region,Tower Hamlets,Counties & UAs (from Apr 2021),Persons,,2017 - 19,8.70362326947204,67.0,Similar,Similar
London region,Waltham Forest,Counties & UAs (from Apr 2021),Persons,,2017 - 19,8.73430689914214,59.0,Similar,Similar
London region,Wandsworth,Counties & UAs (from Apr 2021),Persons,,2017 - 19,8.76847324391982,66.0,Similar,Similar
London region,Westminster,Counties & UAs (from Apr 2021),Persons,,2017 - 19,5.99536623336945,41.0,Better,Similar
East of England region,Cambridgeshire,Counties & UAs (from Apr 2021),Persons,,2017 - 19,10.3589216327412,178.0,Similar,Similar
North West region,Cumbria,Counties & UAs (from Apr 2021),Persons,,2017 - 19,12.1193591808291,157.0,Worse,Similar
East Midlands region,Derbyshire,Counties & UAs (from Apr 2021),Persons,,2017 - 19,9.40399398640416,199.0,Similar,Similar
South West region,Devon,Counties & UAs (from Apr 2021),Persons,,2017 - 19,11.9814175628137,253.0,Worse,Similar
South East region,East Sussex,Counties & UAs (from Apr 2021),Persons,,2017 - 19,13.5276743949185,196.0,Worse,Worse
East of England region,Essex,Counties & UAs (from Apr 2021),Persons,,2017 - 19,13.0115259124224,501.0,Worse,Worse
South West region,Gloucestershire,Counties & UAs (from Apr 2021),Persons,,2017 - 19,10.2370536398915,170.0,Similar,Similar
South East region,Hampshire,Counties & UAs (from Apr 2021),Persons,,2017 - 19,8.65731151010213,312.0,Better,Similar
East of England region,Hertfordshire,Counties & UAs (from Apr 2021),Persons,,2017 - 19,9.17535105000672,283.0,Similar,Better
South East region,Kent,Counties & UAs (from Apr 2021),Persons,,2017 - 19,10.3487995878018,421.0,Similar,Similar
North West region,Lancashire,Counties & UAs (from Apr 2021),Persons,,2017 - 19,12.7535048157534,402.0,Worse,Worse
East Midlands region,Leicestershire,Counties & UAs (from Apr 2021),Persons,,2017 - 19,7.82178432720609,144.0,Better,Better
East Midlands region,Lincolnshire,Counties & UAs (from Apr 2021),Persons,,2017 - 19,11.2221678910697,224.0,Similar,Worse
East of England region,Norfolk,Counties & UAs (from Apr 2021),Persons,,2017 - 19,11.056700134275,265.0,Similar,Similar
Yorkshire and the Humber region,North Yorkshire,Counties & UAs (from Apr 2021),Persons,,2017 - 19,12.2519555336323,195.0,Worse,Similar
East Midlands region,Nottinghamshire,Counties & UAs (from Apr 2021),Persons,,2017 - 19,9.13540502923342,199.0,Similar,Similar
South East region,Oxfordshire,Counties & UAs (from Apr 2021),Persons,,2017 - 19,8.94764971177009,162.0,Similar,Similar
South West region,Somerset,Counties & UAs (from Apr 2021),Persons,,2017 - 19,13.0657716087948,186.0,Worse,Similar
West Midlands region,Staffordshire,Counties & UAs (from Apr 2021),Persons,,2017 - 19,11.5400154796713,266.0,Worse,Similar
East of England region,Suffolk,Counties & UAs (from Apr 2021),Persons,,2017 - 19,9.53172250185252,188.0,Similar,Similar
South East region,Surrey,Counties & UAs (from Apr 2021),Persons,,2017 - 19,8.18090944500409,255.0,Better,Better
West Midlands region,Warwickshire,Counties & UAs (from Apr 2021),Persons,,2017 - 19,9.38202322696322,143.0,Similar,Similar
South East region,West Sussex,Counties & UAs (from Apr 2021),Persons,,2017 - 19,9.67899522147934,216.0,Similar,Similar
West Midlands region,Worcestershire,Counties & UAs (from Apr 2021),Persons,,2017 - 19,10.479799128822,164.0,Similar,Similar
